시도,시군구,사고년도,2018년01월,2018년02월,2018년03월,2018년04월,2018년05월,2018년06월,2018년07월,2018년08월,2018년09월,2018년10월,2018년11월,2018년12월,2019년01월,2019년02월,2019년03월,2019년04월,2019년05월,2019년06월,2019년07월,2019년08월,2019년09월,2019년10월,2019년11월,2019년12월,2020년01월,2020년02월,2020년03월,2020년04월,2020년05월,2020년06월,2020년07월,2020년08월,2020년09월,2020년10월,2020년11월,2020년12월
합계,합계,사고건수,17026,16208,17022,17992,18636,18082,18699,18335,18371,19738,19029,18010,16552,14752,18133,19104,20779,18968,19234,19992,19331,21690,21517,19548,16968,16285,14949,16186,18184,19017,18302,17616,18124,19255,18438,16330
합계,합계,사망자수,304,275,310,303,309,266,315,357,348,373,298,323,296,203,252,286,305,279,241,253,287,337,297,313,277,222,239,213,254,254,240,295,301,309,261,216
합계,합계,부상자수,25438,24630,25015,26643,27834,26574,28104,27749,27751,28836,28000,26463,24269,22612,26908,28438,31077,28315,28353,30358,28746,32050,31623,28963,25442,23558,21823,23781,26791,27880,26969,26264,25839,28190,26698,22959
서울,합계,사고건수,3192,2973,3072,3219,3454,3253,3321,3203,3144,3500,3243,3221,2983,2482,3099,3283,3497,3290,3311,3447,3313,3634,3669,3250,2788,2999,2561,2724,3139,3189,3162,2926,2991,3122,3007,2619
서울,합계,사망자수,30,28,28,24,22,21,29,27,20,21,30,24,25,13,22,14,24,20,15,22,25,31,14,25,18,20,21,17,18,15,15,19,21,20,19,16
서울,합계,부상자수,4490,4178,4288,4375,4795,4452,4588,4528,4335,4752,4499,4471,4134,3368,4223,4500,4886,4542,4446,4765,4550,5053,4933,4504,3944,3980,3385,3724,4294,4372,4319,3948,4035,4143,3926,3443
서울,종로구,사고건수,103,84,101,93,102,96,89,90,91,113,75,97,87,66,87,85,112,95,83,115,99,104,100,100,76,90,55,61,83,82,89,69,73,75,82,68
서울,종로구,사망자수,0,1,0,0,1,1,0,0,1,0,1,1,1,1,2,0,1,1,0,0,0,0,0,0,1,1,0,0,1,0,0,1,0,0,1,0
서울,종로구,부상자수,133,111,149,114,143,123,128,127,133,166,100,119,125,84,122,131,158,116,109,164,143,139,126,142,103,121,69,108,112,107,130,88,91,93,107,95
서울,중구,사고건수,104,95,106,84,105,103,80,85,77,102,93,94,100,53,85,113,104,104,107,101,90,93,121,113,81,78,61,64,104,80,77,83,66,94,88,79
서울,중구,사망자수,1,2,1,1,1,0,0,1,0,0,1,1,3,0,0,1,0,0,0,0,0,1,0,0,0,0,2,0,2,1,0,0,0,0,0,1
서울,중구,부상자수,143,116,141,130,134,129,116,117,93,128,131,128,124,80,113,154,135,139,140,127,125,133,163,182,114,110,75,77,137,114,97,102,80,130,114,98
서울,용산구,사고건수,100,104,102,123,134,105,114,118,102,125,100,103,104,87,112,102,98,99,92,95,95,100,114,89,71,85,66,88,82,95,79,71,62,70,64,57
서울,용산구,사망자수,3,1,0,0,2,3,1,1,1,1,0,1,1,0,2,0,0,0,2,3,1,0,0,1,0,1,3,1,1,0,2,1,1,1,0,1
서울,용산구,부상자수,140,149,160,162,182,142,145,169,137,185,132,149,142,105,163,138,143,135,118,131,125,139,151,124,93,106,74,116,108,131,103,103,85,91,91,77
서울,성동구,사고건수,81,91,99,88,112,92,103,91,94,113,104,75,88,76,78,96,101,108,87,75,89,110,97,86,86,76,77,89,96,104,108,99,98,101,102,83
서울,성동구,사망자수,3,0,2,0,0,1,1,0,1,0,1,0,2,0,1,1,3,1,0,0,0,3,0,2,0,0,2,0,0,0,2,2,1,0,1,1
서울,성동구,부상자수,110,122,144,113,166,124,135,129,121,157,134,106,119,113,100,129,127,143,115,103,123,134,126,107,123,102,103,133,137,140,141,125,128,123,131,95
서울,동대문구,사고건수,142,131,128,135,150,146,152,135,148,151,133,148,115,92,111,126,112,132,142,137,157,139,149,153,98,119,92,119,108,144,134,119,131,137,138,109
서울,동대문구,사망자수,0,1,3,2,0,1,0,0,2,2,2,1,0,0,1,0,0,4,1,2,2,3,0,2,1,0,2,0,1,1,0,0,0,2,2,1
서울,동대문구,부상자수,185,162,163,166,205,184,182,185,175,184,181,188,148,133,147,153,141,165,175,171,194,172,200,189,115,155,128,149,142,193,181,148,172,163,167,132
서울,성북구,사고건수,147,116,117,109,139,108,107,105,117,131,104,127,105,102,126,133,128,115,117,125,128,149,150,131,109,124,93,88,122,109,104,78,102,124,108,114
서울,성북구,사망자수,0,2,1,1,0,2,0,2,1,3,0,2,0,2,0,1,1,1,0,0,0,0,1,2,0,1,1,0,2,0,0,0,1,1,1,0
서울,성북구,부상자수,194,168,160,178,210,152,142,161,152,162,128,173,151,135,181,168,157,145,173,177,161,197,178,184,134,159,127,105,147,140,151,90,132,151,146,140
서울,도봉구,사고건수,67,61,53,63,86,78,76,77,69,82,53,59,70,48,68,67,82,83,63,79,71,79,72,70,58,63,50,58,60,65,75,57,54,78,61,62
서울,도봉구,사망자수,0,1,0,0,1,1,1,0,0,2,0,0,3,0,0,0,0,0,0,1,0,0,0,0,0,0,1,0,0,0,2,0,0,1,0,3
서울,도봉구,부상자수,84,76,59,84,102,90,93,102,90,109,89,83,100,60,100,95,113,113,76,107,93,110,100,96,84,93,59,74,94,83,122,69,63,101,74,74
서울,은평구,사고건수,79,81,73,92,90,102,101,107,112,102,94,101,83,74,85,88,107,92,84,91,99,103,110,103,73,83,68,74,74,75,81,85,98,92,79,71
서울,은평구,사망자수,1,1,1,1,0,0,1,1,3,1,0,2,1,0,1,0,1,0,0,2,0,1,0,1,1,2,0,0,0,3,1,2,3,0,1,1
서울,은평구,부상자수,106,146,104,119,123,133,138,149,135,136,126,165,115,94,122,108,134,113,105,115,141,139,139,139,127,117,100,110,140,99,112,124,154,135,106,91
서울,서대문구,사고건수,71,79,83,101,87,83,86,81,86,102,82,92,82,75,73,81,111,90,107,94,118,84,104,94,84,72,61,58,75,99,98,78,69,85,82,67
서울,서대문구,사망자수,0,1,0,2,2,0,0,0,0,0,0,0,0,0,1,1,1,1,1,2,3,2,1,1,0,1,0,0,1,0,0,1,3,0,0,0
서울,서대문구,부상자수,106,110,101,137,120,106,114,109,118,141,123,118,108,92,83,105,159,173,146,123,178,189,139,114,138,93,98,76,98,112,144,101,88,110,107,91
서울,마포구,사고건수,153,137,127,129,144,141,140,124,153,148,148,127,110,112,108,104,139,129,148,145,121,129,124,125,98,117,109,104,131,114,104,114,109,102,89,81
서울,마포구,사망자수,0,1,1,1,3,0,0,2,0,2,1,0,0,1,0,0,2,0,1,0,1,0,0,2,2,2,0,0,2,0,1,1,2,1,0,2
서울,마포구,부상자수,229,217,178,181,193,215,228,185,227,202,203,171,160,160,150,142,193,182,224,206,175,189,175,167,129,164,155,140,191,173,138,159,151,134,118,102
서울,강서구,사고건수,134,134,109,124,103,131,115,141,116,122,146,127,136,131,144,140,153,143,147,189,162,167,162,155,135,128,123,124,158,137,128,129,150,130,133,100
서울,강서구,사망자수,3,0,0,0,1,2,0,2,1,0,0,2,1,0,2,2,5,1,0,1,1,4,1,2,2,1,2,1,3,2,1,2,1,2,0,0
서울,강서구,부상자수,210,177,164,206,155,189,173,228,169,156,208,173,179,165,194,189,230,206,185,260,237,214,226,206,193,163,172,180,204,188,173,169,214,175,175,125
서울,구로구,사고건수,103,118,124,114,137,126,148,117,142,147,128,128,140,100,132,138,129,134,112,124,128,129,137,126,115,117,108,104,117,112,111,123,113,96,114,95
서울,구로구,사망자수,3,1,0,1,0,0,1,1,1,0,2,3,5,2,0,0,0,2,0,1,0,1,1,1,1,1,0,1,0,0,2,1,0,0,2,2
서울,구로구,부상자수,162,182,167,159,176,177,206,150,209,195,179,167,189,127,189,204,177,187,148,177,180,178,167,173,157,163,142,141,167,161,152,173,155,131,142,126
서울,영등포구,사고건수,222,185,193,197,196,221,195,223,221,207,220,213,197,139,187,228,214,217,212,214,190,238,200,203,195,193,174,170,188,194,222,186,165,177,166,178
서울,영등포구,사망자수,2,3,2,1,2,1,2,3,1,3,2,0,0,2,1,1,0,2,1,1,0,2,1,0,1,1,1,1,0,2,0,1,0,0,0,0
서울,영등포구,부상자수,316,261,274,269,277,309,283,310,325,279,313,316,268,186,252,360,325,293,285,295,286,344,279,278,267,256,234,235,282,277,315,265,228,250,237,256
서울,동작구,사고건수,92,109,89,133,125,133,110,134,122,126,113,126,89,87,130,111,137,125,121,106,124,133,131,112,100,86,108,104,118,148,102,122,119,108,97,95
서울,동작구,사망자수,1,2,0,3,1,1,1,0,0,0,0,0,1,0,1,1,0,0,0,0,2,0,0,0,0,0,2,0,1,1,0,2,1,1,2,0
서울,동작구,부상자수,109,148,126,179,176,179,150,169,167,174,144,171,118,119,184,136,231,210,168,150,156,184,193,172,135,129,146,147,147,218,136,170,164,152,128,147
서울,관악구,사고건수,102,108,107,113,119,100,107,115,103,106,115,105,104,94,101,129,115,121,132,128,114,114,117,94,91,114,121,112,111,119,137,145,117,133,121,123
서울,관악구,사망자수,1,0,2,0,0,0,0,3,1,0,0,1,0,0,2,1,0,0,0,0,1,1,1,4,0,2,1,1,0,1,1,1,1,1,2,2
서울,관악구,부상자수,130,138,139,148,155,126,148,161,144,149,144,135,148,116,131,163,144,154,166,166,149,144,141,133,129,158,145,137,145,148,173,172,156,160,144,152
서울,강남구,사고건수,316,249,278,283,288,288,326,301,249,297,292,292,281,227,280,295,320,302,326,320,302,336,383,350,275,343,265,291,320,337,396,330,309,302,315,269
서울,강남구,사망자수,1,1,3,1,0,0,2,3,2,2,2,3,2,3,2,0,0,1,0,1,0,2,2,1,3,2,1,3,3,0,0,1,0,2,2,0
서울,강남구,부상자수,456,369,393,411,404,436,427,438,356,403,447,427,412,315,401,389,484,442,450,435,389,440,542,483,393,450,365,426,441,474,539,484,432,417,409,359
서울,강동구,사고건수,85,100,118,124,123,119,124,120,121,138,114,132,98,87,122,112,139,123,146,127,98,108,146,108,100,102,66,117,119,118,100,100,122,109,103,112
서울,강동구,사망자수,1,1,2,2,1,0,2,0,0,0,3,0,1,0,0,0,1,1,2,2,2,1,0,1,0,1,0,1,0,0,0,1,2,1,0,1
서울,강동구,부상자수,101,136,157,152,190,178,171,161,159,189,135,193,115,133,163,153,192,179,189,175,137,144,199,131,122,130,82,151,150,150,122,123,173,137,126,134
서울,송파구,사고건수,224,191,212,265,266,248,288,220,202,273,236,235,212,193,243,228,277,241,227,247,245,304,260,215,228,178,177,199,222,227,228,202,223,246,261,204
서울,송파구,사망자수,4,2,2,4,2,2,5,2,0,1,3,0,0,2,0,0,3,0,1,1,0,3,3,0,1,1,1,3,0,0,1,0,2,2,0,0
서울,송파구,부상자수,320,266,290,365,352,336,396,309,283,364,333,318,319,253,336,317,398,311,312,340,341,447,330,299,354,245,235,276,294,321,317,259,300,312,331,265
서울,서초구,사고건수,229,187,227,180,203,185,208,200,210,213,223,213,200,153,190,193,200,189,214,191,210,225,260,193,161,189,167,167,207,203,222,168,190,200,217,159
서울,서초구,사망자수,1,2,1,1,3,0,1,1,4,0,2,2,0,0,0,0,2,1,2,0,3,1,2,3,3,0,2,0,0,2,1,0,0,1,0,0
서울,서초구,부상자수,321,297,331,246,310,271,312,296,287,313,337,319,293,237,243,311,277,288,296,271,301,320,371,322,213,264,214,230,310,281,304,239,248,268,294,210
서울,양천구,사고건수,114,106,128,115,137,130,125,123,87,140,113,110,125,81,114,133,135,114,120,157,110,160,128,129,109,114,114,80,112,113,110,115,136,142,104,95
서울,양천구,사망자수,0,1,1,0,1,1,1,0,1,1,3,1,1,0,0,3,1,1,0,2,1,1,0,1,1,2,0,0,1,0,1,0,0,1,1,0
서울,양천구,부상자수,179,140,171,141,201,180,166,176,112,181,141,151,182,115,164,174,194,147,166,217,135,232,172,187,154,145,140,123,160,136,147,170,179,209,141,125
서울,중랑구,사고건수,125,125,116,121,151,130,144,112,124,154,139,124,122,117,118,134,134,131,125,138,147,171,156,127,112,159,91,116,124,129,101,108,136,143,137,91
서울,중랑구,사망자수,1,1,3,0,1,0,0,2,0,0,2,0,0,0,2,1,1,2,1,1,3,1,0,0,1,0,0,2,0,0,0,0,0,0,1,0
서울,중랑구,부상자수,183,169,140,159,213,180,188,153,183,227,182,158,153,142,151,178,179,164,175,187,180,229,219,165,184,191,115,156,156,186,143,141,180,212,172,116
서울,노원구,사고건수,132,125,125,141,142,126,115,111,140,128,130,154,137,101,123,139,153,138,148,139,149,165,175,136,116,134,99,128,138,120,125,126,130,124,112,110
서울,노원구,사망자수,2,1,1,1,0,4,2,1,0,1,1,0,1,0,1,0,1,0,2,0,1,1,0,1,0,0,0,0,0,0,0,0,2,2,1,0
서울,노원구,부상자수,176,164,217,180,193,155,178,169,218,179,172,226,201,136,169,191,203,187,192,188,222,203,231,179,181,171,126,175,186,177,164,183,180,157,161,155
서울,광진구,사고건수,90,84,73,100,101,109,95,101,82,92,111,70,47,62,82,109,100,83,72,90,93,92,77,66,66,55,68,72,95,96,72,71,54,81,78,61
서울,광진구,사망자수,1,0,1,0,0,0,3,1,0,0,1,3,0,0,1,0,1,0,1,0,0,0,0,0,0,0,0,1,0,1,0,1,0,0,1,0
서울,광진구,부상자수,119,111,101,126,134,140,130,136,107,135,148,87,70,92,99,142,128,111,102,138,125,121,98,90,97,69,77,93,126,139,107,90,68,98,98,83
서울,강북구,사고건수,102,103,96,99,125,93,89,102,104,107,97,99,88,76,119,112,116,117,88,125,112,114,115,95,89,103,92,79,98,99,86,83,104,96,79,79
서울,강북구,사망자수,0,2,1,1,0,1,3,1,0,2,1,1,0,0,1,1,0,1,0,1,1,1,1,0,0,1,0,1,0,0,0,0,0,0,1,0
서울,강북구,부상자수,160,139,135,136,158,118,133,136,129,128,123,138,114,107,156,151,153,153,108,173,163,148,149,131,121,128,126,95,119,131,118,114,131,124,107,106
서울,금천구,사고건수,75,70,88,93,89,60,84,70,72,81,80,70,63,49,81,87,81,65,91,95,62,88,81,77,62,77,56,58,77,70,73,65,61,77,77,57
서울,금천구,사망자수,1,0,0,1,0,0,2,0,0,0,2,0,2,0,1,0,0,0,0,1,3,2,0,0,0,0,0,1,0,1,0,1,1,1,0,1
서울,금천구,부상자수,118,104,124,114,123,80,106,103,106,110,146,92,81,69,110,119,111,86,123,169,91,164,119,111,84,98,78,71,101,93,90,87,83,110,100,89
부산,합계,사고건수,965,859,1019,963,1016,969,1030,1021,1007,1029,1039,1020,996,951,1067,1100,1127,1014,1159,1128,1054,1201,1100,1095,1022,925,870,933,1039,1045,1055,1029,954,1064,1054,923
부산,합계,사망자수,10,9,15,12,11,6,14,9,13,13,4,7,11,6,6,9,14,9,13,9,8,8,14,9,14,5,5,10,10,6,10,7,13,7,6,7
부산,합계,부상자수,1325,1215,1425,1317,1456,1297,1487,1354,1428,1369,1422,1373,1372,1366,1462,1542,1521,1425,1552,1525,1421,1638,1466,1542,1454,1281,1172,1283,1456,1423,1469,1415,1239,1498,1470,1187
부산,중구,사고건수,29,23,23,31,45,38,37,29,37,35,23,43,19,29,28,32,26,18,33,19,20,24,20,27,27,21,21,28,29,25,19,28,22,22,23,19
부산,중구,사망자수,0,0,0,1,0,0,0,0,1,1,0,0,0,0,0,0,0,0,0,0,0,0,1,0,0,0,0,0,0,0,0,0,0,0,0,0
부산,중구,부상자수,38,27,25,45,59,42,61,48,50,41,34,53,22,39,38,43,36,22,39,26,28,32,23,36,44,22,25,37,40,27,23,39,26,23,32,22
부산,서구,사고건수,41,35,40,37,31,47,43,22,28,40,51,37,33,34,41,31,41,35,48,41,39,44,36,51,50,34,33,30,39,48,38,41,38,56,41,40
부산,서구,사망자수,1,0,1,0,1,0,0,0,1,2,0,0,0,0,0,0,0,0,0,0,1,0,0,1,0,0,1,1,0,0,0,1,0,0,0,1
부산,서구,부상자수,53,49,60,47,54,66,63,25,34,51,67,58,52,43,67,45,49,60,61,51,52,72,51,81,74,39,42,39,61,68,57,52,51,82,57,48
부산,동구,사고건수,45,34,50,43,46,51,42,56,58,66,53,43,49,51,39,58,51,44,47,47,53,43,47,45,54,36,35,39,31,52,35,43,35,46,41,48
부산,동구,사망자수,0,0,0,0,1,0,1,1,0,0,0,0,0,0,0,1,1,0,0,1,0,0,0,0,2,0,0,0,1,0,0,0,1,0,0,0
부산,동구,부상자수,60,51,58,58,75,63,58,79,89,87,73,61,77,81,53,92,73,64,74,64,73,54,62,59,88,63,53,50,53,73,69,63,46,71,68,56
부산,영도구,사고건수,26,23,26,23,23,29,28,32,22,31,34,35,32,30,23,32,26,32,34,35,30,31,20,23,26,25,19,41,30,35,26,30,27,27,21,25
부산,영도구,사망자수,0,1,1,1,0,0,0,0,1,1,0,0,0,2,0,0,0,0,0,0,0,0,1,0,0,1,0,2,0,0,0,0,0,0,0,1
부산,영도구,부상자수,41,26,31,26,36,37,38,34,24,36,52,42,43,42,29,44,38,42,40,50,42,43,23,28,35,27,22,54,46,51,41,38,36,37,25,29
부산,진구,사고건수,154,127,144,118,138,130,140,142,161,134,119,118,121,123,147,139,136,129,162,143,129,164,157,138,126,134,106,135,130,131,125,142,122,130,133,130
부산,진구,사망자수,2,2,1,0,4,2,1,0,2,2,0,2,0,1,0,1,3,0,4,0,2,1,1,1,2,0,0,1,0,1,1,0,1,0,1,1
부산,진구,부상자수,212,180,216,174,183,172,176,170,223,172,156,145,156,166,200,205,187,182,194,198,167,222,207,220,195,213,146,187,170,171,177,196,163,188,194,178
부산,동래구,사고건수,77,84,81,67,103,78,87,77,77,84,66,71,85,102,97,87,100,88,86,78,75,102,100,103,89,72,74,77,89,87,87,77,88,88,81,84
부산,동래구,사망자수,0,0,1,0,0,1,2,1,0,1,0,0,0,0,0,0,1,1,1,0,1,0,0,2,0,0,0,1,0,0,0,0,0,0,1,1
부산,동래구,부상자수,110,120,107,76,162,114,133,103,97,103,85,93,110,135,134,130,128,108,118,101,114,136,142,126,125,100,101,97,105,103,107,96,110,116,108,107
부산,남구,사고건수,73,54,74,71,71,60,57,73,62,58,72,72,86,71,69,77,88,74,79,70,70,71,76,70,51,55,52,69,77,66,66,57,70,86,62,51
부산,남구,사망자수,0,0,2,3,0,1,0,1,0,2,0,0,0,1,0,0,1,0,0,0,1,2,0,0,2,0,0,0,1,0,0,0,1,1,0,1
부산,남구,부상자수,98,79,94,95,85,82,75,87,78,75,93,97,122,84,82,104,105,109,112,96,85,84,98,94,65,69,77,108,108,81,92,80,77,109,91,66
부산,북구,사고건수,53,53,52,66,54,53,70,52,53,66,62,54,72,52,60,58,53,46,53,59,50,76,63,59,54,47,47,61,71,58,76,56,58,63,61,42
부산,북구,사망자수,0,2,0,0,1,0,0,3,0,0,0,0,1,0,0,1,1,2,0,1,2,0,1,1,2,0,0,0,3,2,2,0,2,0,0,0
부산,북구,부상자수,70,64,80,93,62,74,117,63,68,89,79,75,95,78,95,76,69,63,63,75,79,115,83,82,71,60,58,75,93,85,95,80,75,82,94,54
부산,해운대구,사고건수,84,72,93,89,90,74,90,95,74,103,73,81,77,77,88,88,85,77,106,114,83,101,83,85,77,70,55,74,85,72,106,95,53,73,78,76
부산,해운대구,사망자수,1,1,1,3,1,1,1,1,0,1,1,0,2,1,2,2,0,1,4,1,0,0,3,0,0,0,1,2,1,1,0,0,2,1,0,1
부산,해운대구,부상자수,123,102,125,131,141,98,129,136,113,133,98,123,116,122,114,109,110,102,135,157,110,132,103,117,110,95,69,107,119,91,143,129,67,108,99,94
부산,사하구,사고건수,80,70,88,90,85,74,79,87,89,68,93,100,89,70,87,96,107,92,84,97,110,114,85,79,93,79,65,63,86,64,82,93,87,85,88,84
부산,사하구,사망자수,1,0,0,1,0,0,0,0,0,0,0,1,3,1,0,1,2,1,2,0,0,2,0,0,0,0,0,1,1,0,2,0,1,0,0,0
부산,사하구,부상자수,101,95,137,117,112,99,112,143,130,82,118,132,116,126,111,135,145,138,114,133,140,155,107,109,121,113,79,94,129,98,110,106,113,129,115,117
부산,금정구,사고건수,45,50,59,62,75,63,66,74,67,62,96,73,63,43,81,70,60,70,83,52,67,66,73,73,67,58,47,54,68,84,85,60,74,82,80,60
부산,금정구,사망자수,0,1,3,1,0,0,0,0,1,1,0,0,1,0,1,1,0,1,1,0,0,0,0,1,0,0,0,0,0,0,1,0,1,1,1,0
부산,금정구,부상자수,64,70,71,83,98,85,89,94,93,99,127,92,77,53,103,89,83,103,122,68,104,85,99,96,110,89,69,65,97,129,127,80,110,123,117,83
부산,강서구,사고건수,45,37,53,56,41,39,51,44,50,54,63,51,42,50,46,56,59,50,61,56,60,66,62,61,51,60,61,58,57,59,63,61,53,80,66,60
부산,강서구,사망자수,0,1,4,0,2,0,3,1,3,0,1,0,0,0,0,1,1,1,0,2,1,1,0,1,1,0,0,1,1,0,2,3,0,2,0,0
부산,강서구,부상자수,70,55,80,71,63,53,84,63,95,70,97,76,51,82,66,80,79,75,73,69,86,90,78,87,66,71,76,91,74,77,88,94,73,103,95,70
부산,연제구,사고건수,53,49,65,51,50,61,61,56,47,49,63,52,55,63,65,76,76,78,79,74,76,81,73,72,69,58,55,47,58,90,66,52,59,59,71,60
부산,연제구,사망자수,0,0,1,0,0,1,1,0,0,0,0,2,0,0,0,0,0,1,0,1,0,0,0,1,2,2,1,0,0,0,1,0,1,0,0,1
부산,연제구,부상자수,64,68,85,68,67,78,79,68,65,68,92,61,71,80,84,109,112,108,102,113,95,114,99,96,86,73,65,55,77,130,95,76,67,90,92,71
부산,수영구,사고건수,49,58,60,49,59,50,74,62,67,60,62,60,56,55,62,58,67,63,65,86,69,72,62,76,53,48,52,46,58,53,68,57,72,47,67,45
부산,수영구,사망자수,1,0,0,0,0,0,0,0,0,0,0,1,1,0,1,0,1,0,0,1,0,0,0,0,0,0,0,0,1,1,1,0,1,1,0,0
부산,수영구,부상자수,71,90,90,71,76,68,112,84,88,85,90,79,79,75,88,85,96,78,97,100,83,93,91,104,75,64,67,62,83,69,75,83,89,65,84,59
부산,사상구,사고건수,73,58,76,74,69,80,74,83,83,84,77,83,78,78,93,91,106,79,87,108,96,95,108,81,89,70,94,67,84,76,72,77,54,74,98,66
부산,사상구,사망자수,3,1,0,2,0,0,3,0,3,1,2,0,2,0,2,1,1,1,1,0,0,0,5,0,2,1,1,1,1,1,0,1,2,0,1,0
부산,사상구,부상자수,87,84,114,105,119,103,114,110,134,122,110,118,124,110,126,122,146,110,130,149,124,134,139,114,115,91,130,98,116,103,103,97,66,90,131,86
부산,기장군,사고건수,38,32,35,36,36,42,31,37,32,35,32,47,39,23,41,51,46,39,52,49,27,51,35,52,46,58,54,44,47,45,41,60,42,46,43,33
부산,기장군,사망자수,1,0,0,0,1,0,2,1,1,1,0,1,1,0,0,0,2,0,0,2,0,2,2,1,1,1,1,0,0,0,0,2,0,1,2,0
부산,기장군,부상자수,63,55,52,57,64,63,47,47,47,56,51,68,61,50,72,74,65,61,78,75,39,77,61,93,74,92,93,64,85,67,67,106,70,82,68,47
대구,합계,사고건수,1044,908,1030,1105,1165,1116,1152,1130,1122,1131,1198,1098,1035,961,1200,1249,1282,1226,1168,1196,1217,1372,1372,1258,1102,917,778,975,1129,1151,1170,1136,1215,1238,1117,1012
대구,합계,사망자수,11,13,13,9,13,6,10,11,8,9,4,13,10,9,10,10,8,11,9,6,11,5,14,9,6,8,4,11,9,12,8,17,18,9,4,6
대구,합계,부상자수,1482,1292,1490,1660,1708,1596,1717,1682,1690,1666,1761,1588,1455,1453,1764,1845,1891,1848,1739,1813,1827,2019,2113,1831,1614,1303,1229,1460,1640,1710,1714,1686,1733,1809,1668,1408
대구,중구,사고건수,78,86,78,80,93,91,84,84,98,83,74,91,70,66,69,65,78,68,76,79,77,78,78,65,74,49,31,56,55,75,85,68,54,55,59,48
대구,중구,사망자수,0,0,0,1,0,0,1,1,1,1,0,0,0,1,2,1,0,2,0,0,3,0,1,1,0,0,0,0,0,3,1,0,2,1,1,0
대구,중구,부상자수,101,123,122,123,131,131,121,127,127,122,99,145,96,101,103,90,123,93,117,144,125,122,117,94,113,72,49,76,79,118,137,104,70,81,83,74
대구,동구,사고건수,135,115,123,150,164,149,135,140,153,158,153,143,112,141,148,183,150,170,150,183,167,203,185,162,146,133,111,131,138,145,157,159,158,157,158,138
대구,동구,사망자수,3,0,1,3,0,1,2,2,2,2,0,4,1,1,1,3,3,1,2,2,3,0,2,0,0,3,0,3,2,1,2,1,5,1,2,1
대구,동구,부상자수,172,162,177,205,234,212,204,198,238,229,226,187,156,223,229,292,211,262,218,267,249,321,299,248,233,191,172,211,219,215,224,228,236,259,231,196
대구,서구,사고건수,101,89,103,109,98,114,99,101,83,117,125,111,104,96,120,106,126,106,99,93,104,124,110,129,108,64,75,96,106,121,81,96,125,100,92,106
대구,서구,사망자수,1,2,2,0,3,1,1,1,1,1,2,2,1,2,0,1,0,0,0,1,0,1,0,2,1,1,2,2,0,0,0,3,1,0,0,0
대구,서구,부상자수,141,124,138,160,137,153,168,130,126,168,161,167,142,145,178,155,199,165,146,139,149,161,173,206,168,95,122,148,169,167,116,141,165,137,138,144
대구,남구,사고건수,67,66,68,63,74,70,80,77,76,73,68,77,64,64,67,63,80,61,75,76,96,107,93,56,66,55,48,69,77,77,87,71,80,111,82,69
대구,남구,사망자수,1,0,1,0,0,0,0,0,0,1,1,1,0,1,0,0,1,0,0,0,0,0,2,0,2,1,0,0,0,1,0,0,2,1,0,0
대구,남구,부상자수,98,97,99,93,107,96,122,121,103,109,103,109,96,89,98,95,105,79,106,115,150,159,132,94,100,87,69,113,118,112,121,107,114,172,138,98
대구,북구,사고건수,182,161,170,188,212,186,208,215,221,191,218,206,212,155,219,224,188,207,186,186,202,214,207,213,172,173,140,157,209,187,200,164,201,210,168,156
대구,북구,사망자수,2,3,2,2,4,2,1,1,2,1,0,5,2,3,2,2,2,1,1,1,3,1,2,2,0,1,2,1,3,1,2,0,2,3,0,2
대구,북구,부상자수,260,229,240,275,282,280,286,343,335,264,325,295,295,232,317,333,276,323,274,291,307,306,301,289,238,225,207,241,300,270,283,248,281,273,231,201
대구,수성구,사고건수,164,123,168,180,176,161,187,172,159,179,176,171,166,151,200,205,216,206,206,203,200,239,240,204,191,138,106,140,176,178,195,190,224,215,216,166
대구,수성구,사망자수,2,3,4,3,3,0,1,2,1,1,0,0,1,1,0,1,1,1,1,1,0,0,1,1,1,1,0,0,0,1,1,2,3,1,1,0
대구,수성구,부상자수,233,181,244,282,300,235,294,251,262,283,264,235,226,230,281,325,328,319,316,297,299,337,402,303,267,189,167,213,244,259,285,283,330,332,333,237
대구,달서구,사고건수,243,208,255,259,278,255,283,268,256,263,297,245,242,239,297,320,340,321,305,288,301,321,353,352,259,246,200,257,278,288,291,307,284,305,249,257
대구,달서구,사망자수,1,2,3,0,2,0,1,1,0,1,1,1,1,0,1,1,1,2,3,1,1,3,1,2,2,0,0,3,1,2,0,5,0,1,0,1
대구,달서구,부상자수,378,284,383,411,407,371,419,406,375,391,443,361,350,362,433,444,496,473,450,421,451,469,543,489,360,355,328,356,391,456,445,457,419,426,372,349
대구,달성군,사고건수,74,60,65,76,70,90,76,73,76,67,87,54,65,49,80,83,104,87,71,88,70,86,106,77,86,59,67,69,90,80,74,81,89,85,93,72
대구,달성군,사망자수,1,3,0,0,1,2,3,3,1,1,0,0,4,0,4,1,0,4,2,0,1,0,5,1,0,1,0,2,3,3,2,6,3,1,0,2
대구,달성군,부상자수,99,92,87,111,110,118,103,106,124,100,140,89,94,71,125,111,153,134,112,139,97,144,146,108,135,89,115,102,120,113,103,118,118,129,142,109
인천,합계,사고건수,694,636,585,613,666,606,671,598,679,674,611,599,591,532,655,738,782,681,759,743,736,829,854,798,635,783,610,647,748,721,763,715,711,730,771,671
인천,합계,사망자수,14,9,7,10,2,4,13,12,10,13,11,8,15,3,7,13,14,9,12,9,12,12,5,7,2,6,5,4,7,8,7,6,11,15,13,7
인천,합계,부상자수,991,979,868,885,955,869,919,893,976,980,828,833,833,801,961,1025,1087,946,1079,1065,996,1177,1190,1098,910,1078,872,951,1083,1048,1080,1022,948,992,1055,911
인천,중구,사고건수,33,38,25,42,52,39,51,42,43,44,44,40,48,39,40,53,64,42,59,53,47,68,63,55,38,45,46,30,39,59,40,39,35,35,40,40
인천,중구,사망자수,2,2,0,2,1,0,2,0,2,0,2,1,3,0,1,1,0,0,1,0,0,0,0,0,1,0,1,1,0,0,0,0,1,1,1,1
인천,중구,부상자수,45,48,33,74,81,74,73,74,76,76,66,67,108,73,64,86,93,75,97,87,64,110,112,93,59,65,76,57,57,107,59,56,49,54,53,65
인천,동구,사고건수,15,13,10,8,9,15,20,18,15,15,10,8,20,12,9,9,12,16,14,9,14,20,8,11,11,18,19,13,11,7,15,11,7,12,15,14
인천,동구,사망자수,1,0,0,0,0,0,0,0,0,1,0,0,0,0,0,1,1,0,1,0,0,0,0,0,0,0,1,0,0,1,0,0,0,0,1,1
인천,동구,부상자수,21,22,18,8,9,20,23,27,24,16,15,13,26,14,17,13,18,28,16,10,18,29,10,16,13,24,22,19,14,7,21,15,9,18,22,14
인천,미추홀구,사고건수,116,85,91,87,103,93,82,82,112,103,90,83,94,94,94,95,111,84,104,113,103,110,112,115,88,117,80,71,84,106,100,98,90,109,95,103
인천,미추홀구,사망자수,0,2,1,0,0,0,3,4,0,3,1,3,2,1,1,1,1,1,0,4,2,3,0,1,0,1,0,0,0,1,2,2,1,1,0,1
인천,미추홀구,부상자수,171,127,126,117,149,123,132,122,147,156,116,104,123,132,132,130,146,121,145,149,130,138,148,147,132,145,105,109,117,137,135,145,110,144,131,144
인천,부평구,사고건수,115,116,89,97,90,81,104,71,80,88,92,86,87,74,104,116,99,93,122,124,108,106,125,120,90,128,93,98,127,117,124,143,120,122,137,113
인천,부평구,사망자수,3,1,1,2,0,0,0,0,0,3,0,0,2,0,2,3,2,0,3,2,0,0,1,1,0,0,1,1,2,2,1,0,1,1,2,0
인천,부평구,부상자수,168,177,143,138,128,115,135,98,113,113,141,116,121,99,157,156,130,115,153,157,153,163,149,156,127,166,133,148,186,154,143,186,156,172,185,147
인천,남동구,사고건수,146,139,122,139,142,152,143,123,176,148,135,142,128,133,151,185,173,163,167,169,167,167,182,152,136,179,114,155,169,143,166,159,156,154,169,134
인천,남동구,사망자수,2,0,1,1,0,1,1,0,2,0,1,2,4,1,1,1,0,2,1,2,6,4,0,1,0,2,0,0,2,2,2,3,3,3,2,0
인천,남동구,부상자수,213,235,180,188,214,229,199,197,252,222,177,203,171,221,227,253,242,224,241,251,221,221,267,208,203,250,168,217,265,232,244,244,220,214,225,167
인천,서구,사고건수,135,114,111,86,113,108,103,116,111,109,102,106,98,83,120,137,157,133,153,140,128,190,166,183,135,151,120,125,145,127,147,135,166,149,165,147
인천,서구,사망자수,2,2,1,0,0,0,2,3,3,1,4,1,1,0,1,3,3,2,2,1,2,2,3,0,0,2,1,1,1,1,0,0,2,0,5,3
인천,서구,부상자수,178,167,155,138,150,141,140,162,161,147,126,158,121,129,149,191,220,173,238,224,185,268,243,265,198,205,169,172,200,182,235,185,229,197,235,187
인천,연수구,사고건수,55,59,62,64,58,42,61,56,59,61,58,52,40,33,46,61,63,55,50,52,76,59,73,62,49,55,42,55,68,55,73,40,59,47,59,53
인천,연수구,사망자수,1,1,1,2,0,2,1,1,2,3,3,0,1,1,0,1,4,0,0,0,1,1,0,1,1,1,0,1,0,0,1,0,1,0,2,1
인천,연수구,부상자수,74,88,104,92,84,60,72,83,89,82,73,77,57,43,79,85,93,83,67,72,104,87,103,82,65,90,57,83,92,79,103,54,81,61,83,84
인천,계양구,사고건수,63,61,59,71,73,61,75,70,61,76,63,69,61,55,64,64,84,79,73,62,70,80,104,83,71,71,81,85,80,85,79,75,58,74,78,57
인천,계양구,사망자수,2,1,1,1,0,0,3,4,0,1,0,1,1,0,0,0,2,2,2,0,1,1,1,0,0,0,1,0,0,0,1,1,0,1,0,0
인천,계양구,부상자수,100,104,75,105,103,88,96,95,83,121,85,80,80,79,94,85,108,107,102,82,89,116,134,114,92,107,117,122,118,116,103,111,71,98,106,89
인천,강화군,사고건수,15,11,12,16,21,12,26,19,21,24,14,11,14,7,23,12,16,16,11,18,21,25,21,16,16,15,14,13,23,18,14,13,17,20,10,10
인천,강화군,사망자수,1,0,1,2,1,0,1,0,0,1,0,0,1,0,0,1,1,2,2,0,0,0,0,3,0,0,0,0,1,1,0,0,2,7,0,0
인천,강화군,부상자수,20,11,28,21,29,16,41,33,30,36,22,13,25,9,37,19,30,20,11,25,30,32,24,16,20,18,23,17,33,30,23,19,19,23,10,14
인천,옹진군,사고건수,1,NaN,4,3,5,3,6,1,1,6,3,2,1,2,4,6,3,NaN,6,3,2,4,NaN,1,1,4,1,2,2,4,5,2,3,8,3,NaN
인천,옹진군,사망자수,0,NaN,0,0,0,1,0,0,1,0,0,0,0,0,1,1,0,NaN,0,0,0,1,NaN,0,0,0,0,0,1,0,0,0,0,1,0,NaN
인천,옹진군,부상자수,1,NaN,6,4,8,3,8,2,1,11,7,2,1,2,5,7,7,NaN,9,8,2,13,NaN,1,1,8,2,7,1,4,14,7,4,11,5,NaN
광주,합계,사고건수,562,515,607,598,645,618,639,639,643,666,672,655,581,511,633,692,724,652,658,690,743,726,797,762,673,596,595,620,673,723,577,642,633,705,651,630
광주,합계,사망자수,7,5,5,9,6,5,7,5,4,12,7,4,2,4,3,1,3,7,5,8,3,4,6,3,5,5,6,7,7,1,3,6,4,8,8,3
광주,합계,부상자수,924,830,973,940,1010,1059,1093,1064,1009,1053,1009,1013,910,858,1005,1087,1209,1024,1077,1100,1178,1122,1289,1217,1144,937,964,989,1083,1162,930,1019,942,1117,1033,973
광주,동구,사고건수,28,33,43,38,38,49,37,45,46,47,62,43,44,43,46,51,46,49,56,43,54,52,62,58,50,38,41,39,49,47,36,38,53,47,45,57
광주,동구,사망자수,0,0,0,0,0,0,1,0,0,1,0,1,0,2,0,0,0,0,1,0,2,0,0,1,0,0,0,1,1,0,0,0,0,1,0,0
광주,동구,부상자수,34,53,58,60,65,95,53,64,59,65,99,62,64,68,64,77,70,80,82,79,78,80,102,89,79,59,60,56,81,64,46,51,68,67,56,91
광주,서구,사고건수,166,140,158,151,177,139,178,151,188,176,156,172,157,134,137,169,196,160,176,170,188,188,229,202,212,164,174,172,185,181,150,159,175,154,151,142
광주,서구,사망자수,2,1,0,2,0,1,2,0,0,2,0,1,0,0,0,0,0,1,1,1,0,2,2,0,1,3,0,0,0,0,0,1,3,0,0,1
광주,서구,부상자수,271,230,288,246,272,235,289,259,298,280,226,276,251,226,220,280,338,269,290,279,293,284,374,337,373,260,294,288,286,293,244,250,258,226,233,199
광주,북구,사고건수,162,151,189,188,209,197,196,183,200,197,209,188,186,154,199,209,187,186,176,229,220,221,233,230,186,167,162,175,195,222,146,182,174,216,203,180
광주,북구,사망자수,2,2,1,2,2,1,3,2,2,3,4,1,1,1,1,1,0,1,2,3,1,1,2,1,0,1,5,1,4,1,2,2,1,4,3,1
광주,북구,부상자수,268,231,283,299,330,346,353,308,318,313,316,282,301,242,317,320,299,276,292,364,328,326,380,356,339,272,255,281,310,350,234,276,276,347,315,285
광주,광산구,사고건수,149,137,152,150,157,166,164,192,154,177,182,180,146,127,177,167,201,183,184,176,200,190,184,194,154,162,151,168,164,189,174,192,164,207,187,176
광주,광산구,사망자수,2,1,2,5,4,2,1,1,0,4,3,1,1,1,1,0,3,2,1,3,0,1,2,0,3,0,1,2,1,0,0,3,0,1,3,1
광주,광산구,부상자수,268,239,254,239,250,277,306,313,252,291,264,266,225,223,301,270,352,304,302,276,348,300,304,326,244,251,251,276,297,311,288,332,242,336,331,285
광주,남구,사고건수,57,54,65,71,64,67,64,68,55,69,63,72,48,53,74,96,94,74,66,72,81,75,89,78,71,65,67,66,80,84,71,71,67,81,65,75
광주,남구,사망자수,1,1,2,0,0,1,0,2,2,2,0,0,0,0,1,0,0,3,0,1,0,0,0,1,1,1,0,3,1,0,1,0,0,2,2,0
광주,남구,부상자수,83,77,90,96,93,106,92,120,82,104,104,127,69,99,103,140,150,95,111,102,131,132,129,109,109,95,104,88,109,144,118,110,98,141,98,113
대전,합계,사고건수,547,567,599,622,630,645,617,673,623,684,709,638,604,590,670,697,816,684,706,731,658,777,718,686,566,600,535,593,638,644,636,564,624,614,650,551
대전,합계,사망자수,11,7,9,8,11,5,4,6,9,11,6,6,6,6,4,5,10,3,10,7,7,5,9,5,8,5,6,6,8,6,6,6,5,2,7,1
대전,합계,부상자수,805,882,901,877,940,1036,942,1022,942,1028,1068,989,917,887,1006,1029,1216,1037,1054,1138,1028,1206,1096,1035,866,876,782,868,954,907,908,840,927,923,982,803
대전,동구,사고건수,76,67,103,105,114,113,102,118,112,127,104,117,111,92,110,116,150,113,126,112,105,151,126,118,93,90,95,86,96,110,78,104,98,85,97,70
대전,동구,사망자수,3,2,1,2,2,1,2,1,3,3,2,2,1,2,1,0,1,0,2,0,1,1,2,3,3,0,3,2,2,1,0,1,1,0,3,0
대전,동구,부상자수,114,91,138,138,159,203,140,167,160,188,142,171,159,135,156,166,234,166,203,169,154,243,188,189,154,158,130,133,131,148,115,152,137,129,147,99
대전,중구,사고건수,89,80,93,95,85,89,86,107,103,103,110,88,92,100,106,101,135,115,117,120,108,140,114,100,97,111,84,107,116,118,104,87,103,99,98,101
대전,중구,사망자수,2,2,2,1,2,0,0,0,0,1,0,2,1,1,2,1,2,1,3,1,0,0,0,0,2,0,2,1,0,1,0,2,0,1,1,1
대전,중구,부상자수,123,113,129,129,126,127,126,157,184,148,158,137,134,150,155,153,204,160,180,178,172,219,150,167,144,141,119,157,184,166,158,130,173,138,133,138
대전,서구,사고건수,185,193,172,187,191,181,201,198,178,202,225,197,183,213,214,228,252,250,231,233,209,212,243,209,161,201,156,187,195,214,237,181,202,216,209,174
대전,서구,사망자수,2,2,0,3,2,2,2,2,2,3,1,1,2,1,0,2,5,1,1,1,3,1,5,1,2,2,0,1,3,3,3,3,1,0,1,0
대전,서구,부상자수,275,292,259,271,259,287,324,307,265,289,340,308,316,323,352,357,349,373,340,361,348,325,355,297,233,287,230,266,299,306,333,270,304,346,321,257
대전,유성구,사고건수,126,150,156,165,166,169,159,168,155,183,178,186,152,118,177,168,169,155,156,193,173,202,175,189,153,123,141,161,158,147,149,128,159,151,187,146
대전,유성구,사망자수,1,0,4,2,4,1,0,2,3,3,1,1,0,2,1,1,1,0,2,3,3,1,0,0,0,1,0,1,1,0,2,0,2,0,1,0
대전,유성구,부상자수,192,286,263,245,279,278,260,268,234,299,288,309,221,181,257,244,267,264,223,322,262,310,321,289,243,179,221,248,247,216,220,189,223,218,290,228
대전,대덕구,사고건수,71,77,75,70,74,93,69,82,75,69,92,50,66,67,63,84,110,51,76,73,63,72,60,70,62,75,59,52,73,55,68,64,62,63,59,60
대전,대덕구,사망자수,3,1,2,0,1,1,0,1,1,1,2,0,2,0,0,1,1,1,2,2,0,2,2,1,1,2,1,1,2,1,1,0,1,1,1,0
대전,대덕구,부상자수,101,100,112,94,117,141,92,123,99,104,140,64,87,98,86,109,162,74,108,108,92,109,82,93,92,111,82,64,93,71,82,99,90,92,91,81
울산,합계,사고건수,341,313,364,330,318,337,297,328,318,390,336,320,287,273,336,355,408,366,376,375,364,417,407,383,333,286,293,307,299,334,320,339,309,331,365,318
울산,합계,사망자수,8,5,10,7,9,6,5,8,6,4,8,3,3,3,6,7,3,5,2,3,3,8,3,9,4,6,4,10,2,6,5,2,3,3,4,2
울산,합계,부상자수,461,445,468,518,460,476,435,465,492,595,495,467,401,392,454,521,587,555,566,555,525,563,579,603,460,410,404,448,404,491,467,502,434,485,512,427
울산,중구,사고건수,74,51,70,74,66,75,59,58,61,66,69,46,38,51,44,56,67,71,70,66,71,71,72,60,46,52,48,48,48,72,40,59,45,53,46,46
울산,중구,사망자수,2,2,1,1,1,0,1,0,0,0,2,0,0,0,1,1,0,0,0,1,0,1,0,1,0,1,2,1,0,1,1,1,1,0,0,0
울산,중구,부상자수,92,74,98,123,90,113,79,71,93,96,87,64,59,92,56,81,98,99,97,107,112,90,104,81,55,80,62,67,59,111,63,82,56,86,66,60
울산,남구,사고건수,123,113,104,100,108,103,93,89,99,126,97,99,87,82,114,117,123,99,133,121,116,133,137,121,112,104,103,86,97,105,118,107,107,125,107,101
울산,남구,사망자수,3,2,2,3,3,1,2,2,3,0,1,1,0,0,0,1,1,1,1,1,1,0,2,1,0,0,0,1,1,2,1,1,1,2,1,1
울산,남구,부상자수,179,146,122,128,171,139,129,121,157,178,139,148,124,110,145,167,174,144,206,170,165,177,179,164,155,127,148,115,134,151,176,146,150,162,148,132
울산,동구,사고건수,45,45,59,43,29,39,31,46,40,43,44,43,45,46,44,45,57,50,50,54,53,59,62,63,50,36,35,48,46,47,39,56,40,40,67,50
울산,동구,사망자수,0,1,2,0,0,0,0,1,0,0,2,0,0,0,0,0,0,0,0,0,1,0,0,0,0,0,1,1,0,1,0,0,0,0,0,0
울산,동구,부상자수,58,57,68,51,37,53,39,53,52,60,54,59,51,57,55,64,81,62,61,74,72,74,78,88,59,47,37,71,59,55,52,82,52,62,87,58
울산,북구,사고건수,45,33,62,47,53,50,45,61,48,76,53,59,52,46,57,72,57,61,48,58,48,70,62,62,61,42,53,66,45,54,54,42,57,53,81,59
울산,북구,사망자수,0,0,4,3,2,2,0,3,0,1,0,1,0,2,0,2,1,0,0,1,1,4,0,2,2,2,1,5,1,1,1,0,0,0,1,0
울산,북구,부상자수,60,45,76,112,71,72,79,108,68,130,90,80,69,68,85,96,82,123,84,95,63,92,114,139,95,88,81,101,62,93,73,69,87,90,115,85
울산,울주군,사고건수,54,71,69,66,62,70,69,74,70,79,73,73,65,48,77,65,104,85,75,76,76,84,74,77,64,52,54,59,63,56,69,75,60,60,64,62
울산,울주군,사망자수,3,0,1,0,3,3,2,2,3,3,3,1,3,1,5,3,1,4,1,0,0,3,1,5,2,3,0,2,0,1,2,0,1,1,2,1
울산,울주군,부상자수,72,123,104,104,91,99,109,112,122,131,125,116,98,65,113,113,152,127,118,109,113,130,104,131,96,68,76,94,90,81,103,123,89,85,96,92
세종,합계,사고건수,57,73,81,88,76,69,62,52,50,65,65,57,66,67,83,77,75,83,76,79,76,90,82,68,73,66,74,46,62,61,57,51,94,79,79,71
세종,합계,사망자수,4,0,4,2,2,3,0,1,4,0,0,0,0,0,2,1,2,3,1,1,1,1,3,0,0,0,3,0,1,0,1,0,0,1,0,1
세종,합계,부상자수,88,115,106,112,120,106,85,85,61,90,91,83,90,94,106,115,99,101,122,115,115,130,107,107,109,84,83,64,87,81,79,65,126,110,102,86
세종,세종시,사고건수,57,73,81,88,76,69,62,52,50,65,65,57,66,67,83,77,75,83,76,79,76,90,82,68,73,66,74,46,62,61,57,51,94,79,79,71
세종,세종시,사망자수,4,0,4,2,2,3,0,1,4,0,0,0,0,0,2,1,2,3,1,1,1,1,3,0,0,0,3,0,1,0,1,0,0,1,0,1
세종,세종시,부상자수,88,115,106,112,120,106,85,85,61,90,91,83,90,94,106,115,99,101,122,115,115,130,107,107,109,84,83,64,87,81,79,65,126,110,102,86
경기,합계,사고건수,4405,4327,3932,4327,4445,4397,4610,4359,4504,4845,4765,4532,4093,3582,4335,4535,4985,4513,4569,4670,4626,5392,5226,4937,4081,4213,3730,4129,4522,4673,4645,4142,4504,4731,4710,4311
경기,합계,사망자수,61,44,56,52,60,56,51,67,59,61,46,65,70,46,50,52,60,45,38,37,55,61,54,63,71,52,52,41,45,55,48,55,62,53,46,32
경기,합계,부상자수,6760,6804,5925,6593,6751,6441,7132,6724,6970,7178,7141,6755,6087,5655,6658,6910,7666,6950,6859,7286,6991,8209,7859,7378,6313,6313,5610,6172,6735,6881,6907,6211,6496,7011,6934,6096
경기,수원시,사고건수,406,470,385,392,463,416,390,382,425,464,425,379,369,307,409,408,413,414,385,393,447,470,468,437,367,395,328,359,408,391,383,352,360,394,420,323
경기,수원시,사망자수,1,2,2,3,2,4,2,4,4,6,7,2,2,2,2,4,2,1,0,4,2,3,4,5,4,4,4,1,3,2,2,4,1,3,1,0
경기,수원시,부상자수,556,709,520,543,676,598,560,533,616,664,616,557,482,465,590,576,582,602,573,573,646,654,693,608,545,582,484,523,594,540,554,515,521,521,631,449
경기,성남시,사고건수,392,338,261,350,315,315,333,287,295,337,302,309,295,253,294,285,359,287,313,301,335,351,372,356,290,319,226,305,327,326,303,249,310,341,337,307
경기,성남시,사망자수,5,2,4,4,1,4,1,3,2,5,3,3,5,5,4,3,3,0,2,4,1,4,3,5,3,1,1,1,3,5,1,1,4,5,6,0
경기,성남시,부상자수,569,541,398,513,461,440,475,393,424,514,491,416,424,376,447,421,553,466,475,434,567,543,546,493,422,465,292,450,468,466,449,374,435,506,454,423
경기,의정부시,사고건수,191,146,98,137,138,130,129,103,143,151,161,155,137,126,137,124,144,111,132,129,151,163,185,165,101,142,119,119,151,137,165,141,147,190,161,122
경기,의정부시,사망자수,0,4,3,2,0,2,1,0,1,1,1,4,3,1,1,1,0,1,1,0,2,5,1,1,1,2,0,0,2,1,3,1,2,1,0,0
경기,의정부시,부상자수,308,214,124,171,192,171,202,170,235,211,210,193,188,198,201,186,238,157,181,180,211,222,259,241,158,202,160,163,219,220,222,202,187,293,270,183
경기,안양시,사고건수,139,126,130,135,133,141,132,123,145,146,146,122,137,96,130,139,152,132,131,116,132,145,162,144,104,115,97,114,113,121,118,106,109,122,121,97
경기,안양시,사망자수,0,2,3,1,2,0,1,0,1,1,2,1,0,2,3,1,1,0,0,0,3,3,4,3,0,0,0,1,2,2,0,0,0,3,1,0
경기,안양시,부상자수,209,166,185,213,195,183,198,194,232,220,186,175,203,145,193,191,219,197,187,192,188,212,237,202,151,164,151,163,175,167,196,169,147,179,161,135
경기,부천시,사고건수,228,224,254,244,271,270,296,296,270,293,295,295,274,242,263,306,355,301,286,328,307,318,353,334,258,290,268,250,292,316,296,257,316,248,321,252
경기,부천시,사망자수,1,1,2,0,2,0,3,4,4,2,0,3,2,2,2,3,2,0,1,3,1,1,0,6,1,5,4,0,1,1,0,1,4,2,1,3
경기,부천시,부상자수,329,324,397,333,378,367,423,433,391,372,403,400,371,352,366,430,496,444,393,476,425,418,475,462,377,396,373,346,412,452,421,361,447,356,440,335
경기,안산시,사고건수,352,322,278,302,336,295,321,329,338,331,356,318,326,267,320,323,364,331,315,313,336,361,352,357,301,294,279,288,339,325,351,336,333,368,352,365
경기,안산시,사망자수,9,4,2,4,4,2,3,4,3,3,1,3,4,3,1,0,3,1,1,2,2,5,1,4,5,2,2,2,1,2,3,5,2,5,3,3
경기,안산시,부상자수,559,513,444,430,522,416,475,479,516,511,558,486,487,418,478,495,544,470,482,453,515,553,513,534,437,450,396,450,498,492,486,493,481,541,531,498
경기,평택시,사고건수,248,245,275,278,267,298,291,277,271,325,303,310,225,220,277,287,309,271,265,316,309,349,334,365,266,244,253,260,226,301,279,262,274,281,275,269
경기,평택시,사망자수,4,3,5,6,3,3,3,7,4,4,3,6,7,2,3,3,3,10,5,2,4,7,1,4,2,4,2,3,2,4,5,4,6,6,1,2
경기,평택시,부상자수,410,441,465,456,422,463,509,448,450,475,465,461,378,384,480,463,515,457,412,480,483,514,569,595,432,368,378,372,374,457,407,387,421,427,416,380
경기,광명시,사고건수,78,85,84,100,78,85,85,100,98,87,97,99,96,67,94,94,98,72,81,93,85,101,98,89,79,80,58,77,94,87,77,83,84,90,88,67
경기,광명시,사망자수,0,3,2,1,0,2,0,0,0,2,2,0,2,0,1,1,1,1,0,0,1,0,0,2,1,0,0,0,1,0,0,0,1,1,0,0
경기,광명시,부상자수,102,121,125,142,105,122,128,154,136,120,132,133,122,101,114,123,128,101,121,148,134,146,140,126,114,127,84,106,134,125,96,116,115,126,145,89
경기,구리시,사고건수,53,48,50,46,64,49,71,56,61,50,56,64,49,54,58,64,64,61,70,77,66,57,74,57,51,53,56,67,61,55,67,70,72,68,64,74
경기,구리시,사망자수,0,0,1,1,2,0,1,2,1,0,0,3,0,1,0,0,1,0,1,0,2,1,0,0,0,0,0,0,1,2,0,2,0,0,1,0
경기,구리시,부상자수,76,80,69,70,84,79,102,80,81,66,88,91,83,69,89,107,91,86,103,135,89,89,91,71,77,73,84,84,89,103,84,103,106,99,88,107
경기,양주시,사고건수,79,63,83,91,92,90,114,79,86,116,102,99,84,96,75,89,84,101,96,82,84,114,114,99,73,89,83,85,73,92,85,84,79,97,104,83
경기,양주시,사망자수,3,1,2,0,0,0,2,3,2,2,1,3,3,5,1,2,1,1,1,0,1,0,4,0,3,3,3,0,1,0,1,0,0,2,1,0
경기,양주시,부상자수,109,83,110,133,151,136,164,139,149,178,142,135,118,152,117,133,117,154,134,120,143,172,179,146,109,135,125,126,114,126,116,138,108,149,151,123
경기,여주시,사고건수,46,29,40,45,32,41,34,41,43,67,43,52,34,30,40,44,62,50,58,66,56,62,50,40,40,29,37,51,45,51,34,41,44,50,42,43
경기,여주시,사망자수,1,1,2,1,1,2,0,2,1,1,0,2,2,2,2,1,4,2,0,0,1,3,0,0,1,2,1,2,0,3,2,3,0,0,1,1
경기,여주시,부상자수,69,48,64,90,51,62,48,59,74,94,77,78,70,43,75,73,100,80,94,128,87,103,73,57,64,66,58,86,76,81,72,59,68,73,82,74
경기,화성시,사고건수,219,181,207,208,220,217,258,217,237,240,279,233,212,187,217,251,294,272,222,238,244,297,276,298,238,218,210,246,253,251,250,227,239,290,273,264
경기,화성시,사망자수,8,2,7,6,7,1,2,6,6,9,5,0,7,2,3,1,4,2,2,1,1,3,2,5,6,3,8,2,4,7,4,3,5,3,0,0
경기,화성시,부상자수,345,268,310,330,350,331,400,346,362,363,471,381,325,281,355,413,475,454,339,338,383,503,436,480,405,312,323,377,362,363,397,312,336,427,412,349
경기,시흥시,사고건수,184,177,184,204,204,219,214,187,197,223,219,222,196,149,191,214,235,201,204,209,188,236,223,234,160,166,189,200,190,215,202,169,199,214,202,187
경기,시흥시,사망자수,2,1,0,4,5,6,2,4,2,1,1,1,2,1,3,6,1,0,6,2,0,2,2,5,2,0,1,3,0,5,4,4,2,2,2,1
경기,시흥시,부상자수,265,270,264,303,308,331,322,275,296,344,310,364,277,228,286,330,399,331,315,335,304,382,332,361,239,259,315,315,307,315,291,282,296,314,298,266
경기,파주시,사고건수,155,170,121,131,128,129,140,147,119,145,160,148,116,136,134,127,122,145,130,147,137,175,142,147,123,153,92,114,120,124,123,108,118,129,130,141
경기,파주시,사망자수,0,3,2,2,2,0,1,3,0,3,3,3,0,1,4,2,1,5,1,0,4,1,0,2,2,2,2,2,3,3,1,4,7,4,2,2
경기,파주시,부상자수,245,272,183,190,219,184,229,229,192,197,212,233,174,209,195,167,170,226,188,204,201,258,215,201,186,223,131,148,162,161,162,142,140,171,169,202
경기,고양시,사고건수,388,410,298,321,289,299,311,321,317,326,335,335,272,282,317,349,381,296,322,357,318,379,346,297,284,322,252,276,317,316,352,268,286,295,280,338
경기,고양시,사망자수,6,2,0,2,3,3,3,4,4,6,2,3,6,5,2,2,3,2,2,3,6,2,4,2,1,5,3,5,7,5,1,3,2,0,4,1
경기,고양시,부상자수,569,639,428,517,397,416,450,508,474,497,515,479,418,442,471,518,568,444,446,566,435,554,489,443,421,437,382,406,431,448,496,391,400,426,395,479
경기,광주시,사고건수,131,131,112,134,134,132,148,137,158,154,163,157,147,127,138,158,149,140,157,152,162,193,168,176,158,129,133,140,176,170,171,151,163,168,177,194
경기,광주시,사망자수,0,0,4,0,2,1,3,3,3,1,1,1,4,0,1,2,2,0,1,4,2,0,4,0,5,0,2,3,2,0,6,1,2,2,3,1
경기,광주시,부상자수,208,219,169,236,206,191,224,235,239,213,248,234,233,202,202,243,242,219,258,239,245,295,239,254,258,194,222,215,247,237,260,240,238,267,257,289
경기,연천군,사고건수,15,16,13,12,14,20,17,13,21,19,6,23,15,9,13,10,16,15,21,26,13,21,20,17,18,23,17,10,24,25,22,14,11,11,16,12
경기,연천군,사망자수,0,0,0,0,2,1,0,1,0,1,0,1,2,0,0,0,2,0,0,0,0,4,2,1,2,0,1,0,0,0,0,1,0,0,1,0
경기,연천군,부상자수,30,23,16,25,15,31,43,21,35,31,9,34,14,10,16,14,17,23,35,58,15,33,42,31,27,36,26,13,27,39,33,23,12,21,34,25
경기,포천시,사고건수,63,48,68,70,61,73,82,81,71,82,70,63,48,56,72,80,67,84,79,69,52,94,92,94,59,53,64,48,74,100,74,70,76,76,77,58
경기,포천시,사망자수,2,1,1,2,1,3,1,0,3,1,1,0,0,1,2,0,3,1,2,2,0,1,2,1,4,3,4,0,1,1,2,5,0,4,1,1
경기,포천시,부상자수,124,66,117,113,118,123,138,146,121,123,115,109,79,111,124,148,111,134,127,114,76,135,167,149,101,82,91,87,111,176,116,107,122,128,124,102
경기,가평군,사고건수,21,24,27,28,43,31,47,56,30,28,24,21,23,28,25,20,39,40,48,53,32,25,29,34,30,26,26,23,31,35,42,31,32,30,34,24
경기,가평군,사망자수,2,1,2,1,2,1,1,1,0,0,0,0,0,1,0,1,0,1,0,1,1,0,2,1,4,1,0,0,0,0,0,0,0,0,0,0
경기,가평군,부상자수,41,44,45,47,81,52,93,101,51,55,38,34,41,38,47,33,58,67,77,110,57,40,46,64,47,35,38,45,57,58,78,54,58,38,52,35
경기,양평군,사고건수,28,44,30,43,43,40,57,54,63,53,51,26,31,44,45,52,53,63,45,62,41,56,64,35,31,23,35,55,40,45,50,51,57,72,51,43
경기,양평군,사망자수,2,0,1,0,3,2,2,0,3,0,0,2,1,1,1,0,1,3,1,1,1,1,2,0,1,1,0,3,0,0,1,0,1,1,0,1
경기,양평군,부상자수,40,84,40,78,60,56,87,86,99,83,80,33,62,81,68,76,92,105,77,107,58,90,90,49,45,49,64,97,66,67,81,95,95,110,79,72
경기,이천시,사고건수,81,74,85,86,73,93,86,89,96,75,101,77,83,55,71,84,98,83,108,108,98,107,119,88,90,79,82,92,104,107,92,87,100,102,97,74
경기,이천시,사망자수,4,1,1,2,0,0,2,2,1,2,3,1,3,1,1,4,5,1,1,4,3,3,5,2,5,0,4,0,0,2,5,1,0,1,3,4
경기,이천시,부상자수,126,116,147,140,131,142,121,149,139,127,169,119,115,86,96,132,159,110,172,171,155,183,175,133,136,134,122,135,157,160,139,138,142,179,154,112
경기,용인시,사고건수,216,277,235,279,268,240,268,251,276,307,288,300,250,196,278,268,286,297,305,304,268,368,338,327,271,275,219,246,272,275,297,273,288,275,311,260
경기,용인시,사망자수,0,3,3,5,4,4,7,2,1,2,3,3,1,2,6,5,3,1,2,1,2,3,5,3,5,3,4,4,2,3,0,3,5,1,2,3
경기,용인시,부상자수,335,471,352,459,463,377,424,426,461,458,423,467,413,313,454,470,470,489,476,516,425,650,518,504,470,428,377,380,400,425,484,425,445,431,427,374
경기,안성시,사고건수,87,80,75,87,73,91,74,84,79,103,99,94,78,60,84,82,87,93,90,72,93,109,94,72,98,81,68,87,85,100,81,103,98,106,81,87
경기,안성시,사망자수,2,2,1,0,2,6,2,1,0,3,0,0,2,0,2,3,1,0,1,1,2,2,1,1,2,1,2,0,0,0,1,3,1,0,2,1
경기,안성시,부상자수,139,143,153,151,111,146,134,132,137,164,161,169,120,91,158,130,150,153,153,158,174,183,149,115,169,148,112,154,156,167,113,164,147,194,119,136
경기,김포시,사고건수,122,136,113,118,137,129,158,149,151,168,173,128,140,108,138,156,157,140,153,163,151,188,143,155,124,131,125,127,146,125,142,131,153,165,167,151
경기,김포시,사망자수,1,1,0,2,0,3,1,2,6,3,1,4,5,1,0,0,3,1,5,1,2,2,2,2,4,2,1,2,3,1,1,1,6,1,3,4
경기,김포시,부상자수,209,216,178,189,212,179,263,228,232,272,270,216,210,221,248,236,244,190,223,272,206,292,209,236,184,217,178,193,218,198,256,218,228,239,278,225
경기,동두천시,사고건수,28,30,31,22,35,35,40,37,43,38,38,29,44,27,26,36,37,32,35,36,35,37,37,35,21,28,31,29,29,41,33,25,30,20,20,22
경기,동두천시,사망자수,2,0,1,0,1,2,0,3,1,1,0,0,1,0,1,0,1,1,0,0,2,0,0,0,0,0,0,1,1,0,0,1,0,0,1,0
경기,동두천시,부상자수,38,40,38,29,54,47,57,47,59,60,56,51,49,37,35,46,47,44,51,53,40,50,52,61,28,36,44,34,45,57,52,36,40,30,26,28
경기,과천시,사고건수,14,19,21,21,24,16,21,22,21,21,23,16,22,13,14,14,11,20,20,27,18,31,23,24,13,19,12,11,19,17,20,13,19,17,16,11
경기,과천시,사망자수,0,0,0,1,0,0,0,0,0,0,0,0,0,0,0,0,0,0,0,0,0,1,0,0,0,2,1,1,0,0,0,0,0,0,1,1
경기,과천시,부상자수,26,37,31,31,37,35,37,29,35,24,33,30,35,19,18,24,43,23,30,43,27,44,40,34,35,30,14,14,31,23,27,13,28,33,30,12
경기,군포시,사고건수,51,56,36,54,62,56,57,48,56,67,63,53,45,45,47,55,58,53,60,51,57,53,73,53,60,50,50,69,57,51,61,53,67,66,73,52
경기,군포시,사망자수,0,2,0,0,0,0,0,2,3,0,0,0,2,0,0,0,0,0,0,0,1,0,0,0,3,0,0,1,0,0,0,0,2,1,2,0
경기,군포시,부상자수,91,81,53,83,78,89,84,56,73,92,87,87,61,66,66,83,108,77,98,89,94,92,120,70,85,82,90,102,87,67,90,76,90,105,101,68
경기,남양주시,사고건수,199,180,172,204,218,227,230,213,194,197,197,200,185,149,207,195,237,189,206,188,190,252,215,198,164,167,154,175,223,210,228,190,200,210,174,160
경기,남양주시,사망자수,4,1,4,1,3,4,4,1,2,1,4,12,1,2,2,5,3,4,1,0,4,2,2,5,1,4,0,1,3,6,4,3,5,1,1,3
경기,남양주시,부상자수,342,301,254,301,330,378,411,360,321,316,296,293,277,276,328,318,385,334,303,308,271,386,347,310,262,246,248,284,357,311,345,274,311,306,260,215
경기,오산시,사고건수,82,68,72,68,85,85,89,67,83,104,64,95,51,63,91,83,102,85,92,88,80,118,115,89,83,96,69,93,86,117,108,71,88,88,105,86
경기,오산시,사망자수,1,1,0,0,1,0,2,1,0,0,0,4,1,2,1,0,1,0,0,1,0,0,0,1,2,1,0,0,0,0,1,0,1,0,1,0
경기,오산시,부상자수,129,105,103,95,114,120,136,96,115,158,87,151,73,92,136,125,154,132,133,128,113,167,178,151,123,146,103,134,123,168,155,104,123,117,141,122
경기,의왕시,사고건수,42,45,23,33,33,38,38,44,45,31,36,36,38,29,39,46,46,37,25,37,48,56,46,41,40,46,27,31,36,37,34,21,47,35,29,31
경기,의왕시,사망자수,1,0,0,0,0,0,0,2,1,0,1,0,0,0,1,0,2,2,1,0,2,1,0,1,0,0,0,2,0,0,0,0,1,2,0,0
경기,의왕시,부상자수,64,79,34,58,49,49,65,67,116,40,60,45,62,54,69,64,58,60,39,55,90,83,84,62,74,65,36,48,57,53,59,36,64,37,48,38
경기,하남시,사고건수,67,65,71,84,112,97,79,69,72,97,90,74,71,61,91,92,106,97,115,69,93,106,101,80,86,78,71,82,111,110,105,105,105,113,112,114
경기,하남시,사망자수,0,0,1,1,5,0,1,0,0,0,1,0,2,1,0,2,3,4,0,0,2,1,1,1,1,1,2,1,2,0,0,1,2,2,1,0
경기,하남시,부상자수,98,90,109,124,181,127,130,105,109,136,133,101,123,95,136,142,133,121,164,103,134,163,156,135,132,126,109,122,181,159,170,164,145,168,161,151
강원,합계,사고건수,588,522,526,593,662,635,663,717,683,678,654,577,535,457,557,582,651,621,712,774,640,704,688,633,617,501,478,505,618,684,630,627,629,652,609,489
강원,합계,사망자수,13,9,19,19,14,13,14,20,20,21,14,21,18,10,12,19,15,9,19,13,22,16,16,16,5,4,9,8,10,10,13,18,17,14,12,13
강원,합계,부상자수,937,913,821,901,1025,983,1089,1208,1109,1027,1034,875,858,761,849,861,1016,959,1083,1272,991,1069,1071,962,990,730,707,759,934,1046,1035,994,916,1002,954,712
강원,춘천시,사고건수,101,96,117,128,138,152,131,135,148,165,124,123,115,98,122,121,140,117,147,154,152,151,142,131,112,124,95,102,133,123,118,90,141,112,129,101
강원,춘천시,사망자수,0,1,1,1,0,1,4,4,1,2,1,2,1,3,1,1,2,0,2,0,4,1,2,6,0,2,3,0,1,1,1,4,5,1,2,3
강원,춘천시,부상자수,166,154,181,200,214,233,190,212,238,248,217,167,189,154,196,178,212,178,204,271,225,205,230,201,170,178,140,152,219,190,191,132,194,166,196,148
강원,원주시,사고건수,181,144,138,152,161,147,151,168,172,173,179,139,146,128,147,173,172,163,174,178,180,159,174,191,168,131,131,131,146,165,167,159,162,170,145,155
강원,원주시,사망자수,2,2,2,3,0,1,1,0,1,3,2,3,5,1,2,4,3,1,0,2,4,5,3,4,2,1,2,2,1,3,1,2,3,1,2,3
강원,원주시,부상자수,280,244,220,225,239,227,242,289,294,264,299,219,216,188,214,259,283,221,259,288,285,251,269,267,258,194,202,200,215,252,284,247,247,258,215,216
강원,동해시,사고건수,26,26,18,22,42,34,31,32,33,31,27,34,24,22,31,25,41,30,37,38,21,25,36,28,27,18,21,33,29,25,23,28,24,19,18,31
강원,동해시,사망자수,0,1,0,0,1,0,1,0,0,1,1,0,0,0,0,1,1,0,0,0,3,1,0,1,0,0,0,0,0,0,2,0,1,0,0,1
강원,동해시,부상자수,35,39,23,40,59,51,63,48,44,40,35,44,35,26,48,32,53,52,44,58,21,33,54,38,37,21,29,53,46,29,27,38,33,33,23,50
강원,강릉시,사고건수,76,78,73,74,74,79,85,72,75,84,82,66,48,57,79,73,77,67,90,87,64,91,83,72,85,71,63,71,82,82,81,73,59,61,80,40
강원,강릉시,사망자수,1,0,3,3,2,2,0,3,2,2,1,3,0,0,1,3,0,1,5,1,1,1,0,1,0,1,0,1,2,1,5,3,4,1,0,0
강원,강릉시,부상자수,128,126,106,100,116,115,134,103,141,132,106,103,76,105,105,102,132,116,135,135,89,129,127,109,144,100,90,92,110,119,120,97,81,91,126,51
강원,속초시,사고건수,37,28,21,36,38,37,44,44,36,40,36,36,32,21,24,31,26,31,49,42,21,44,43,27,48,31,35,37,36,46,30,45,34,43,34,27
강원,속초시,사망자수,2,0,0,0,1,1,0,0,0,1,1,0,1,0,0,1,0,1,1,1,1,1,1,0,0,0,0,1,0,0,0,0,0,0,0,0
강원,속초시,부상자수,60,44,31,51,49,64,81,68,54,61,43,54,52,35,41,49,41,41,71,63,36,66,54,43,80,47,51,52,52,73,49,86,53,69,47,40
강원,태백시,사고건수,12,16,14,16,24,10,18,22,21,20,23,10,11,10,11,15,14,15,14,22,22,14,18,11,9,11,14,8,11,14,13,20,19,16,15,20
강원,태백시,사망자수,1,1,2,0,0,1,0,1,2,0,2,0,0,0,0,0,1,0,0,0,0,0,1,0,0,0,0,0,0,0,0,0,0,1,0,0
강원,태백시,부상자수,18,20,24,29,42,18,21,45,35,26,34,10,15,22,14,20,15,19,25,30,34,17,29,27,10,15,25,13,16,21,18,42,35,20,27,28
강원,삼척시,사고건수,21,17,34,28,39,35,25,41,26,28,31,40,41,28,27,24,33,28,33,57,33,46,28,36,23,21,28,25,29,43,43,36,32,28,32,16
강원,삼척시,사망자수,1,0,0,0,1,0,0,0,1,0,1,2,4,0,1,0,0,0,7,1,2,0,0,1,0,0,1,1,0,0,1,0,0,1,0,1
강원,삼척시,부상자수,26,26,51,46,72,49,38,72,34,41,53,72,61,45,43,35,39,49,66,89,44,78,44,49,45,35,46,44,52,59,69,59,48,37,44,20
강원,홍천군,사고건수,29,20,24,19,23,30,32,34,31,30,32,27,21,15,32,22,33,40,35,48,36,29,23,25,32,23,17,20,34,35,32,33,34,45,36,16
강원,홍천군,사망자수,1,0,6,0,3,1,0,0,0,0,1,1,1,0,2,4,2,2,0,1,1,0,3,0,0,0,1,0,1,0,0,4,0,3,1,0
강원,홍천군,부상자수,42,24,41,27,27,46,58,58,58,48,69,39,28,29,53,34,47,64,45,74,64,44,31,38,44,39,18,29,57,61,51,44,50,77,69,34
강원,횡성군,사고건수,10,9,12,19,13,19,14,25,19,17,22,8,17,7,11,13,20,25,17,19,19,17,23,15,19,10,10,12,19,30,20,15,21,27,19,21
강원,횡성군,사망자수,1,0,0,5,1,2,0,1,0,4,0,0,2,1,0,1,1,0,0,0,0,2,1,1,1,0,0,0,0,0,0,1,2,1,1,1
강원,횡성군,부상자수,11,16,19,21,15,23,33,50,28,28,28,21,33,7,19,15,38,49,37,40,26,35,40,32,34,18,24,27,30,48,31,22,25,46,35,35
강원,영월군,사고건수,14,12,11,22,7,10,19,21,21,16,18,16,8,12,6,9,9,18,13,21,8,13,26,13,14,4,12,9,15,11,14,19,10,15,20,11
강원,영월군,사망자수,0,0,1,2,0,2,4,1,1,0,0,0,1,1,0,0,0,0,0,1,0,0,1,0,1,0,1,0,0,0,2,1,0,0,2,0
강원,영월군,부상자수,21,24,13,36,9,10,31,40,31,30,34,25,11,15,8,12,13,26,19,34,10,15,53,36,18,8,14,13,18,15,21,35,16,29,26,14
강원,평창군,사고건수,13,30,15,15,16,16,18,30,21,14,14,16,16,8,14,10,17,13,20,20,15,22,15,13,15,7,6,6,17,16,13,19,19,17,12,7
강원,평창군,사망자수,1,1,1,0,0,0,1,0,3,3,2,3,1,0,1,0,0,0,0,0,1,0,2,0,0,0,0,0,1,0,0,2,1,0,1,0
강원,평창군,부상자수,24,81,37,30,31,26,48,69,30,18,20,32,43,25,30,15,24,26,36,33,24,44,20,24,25,9,7,9,20,30,27,32,28,27,15,10
강원,정선군,사고건수,17,10,10,7,13,5,13,11,10,10,8,11,9,5,8,7,5,9,8,11,5,21,9,10,14,11,7,4,7,7,9,10,9,14,4,5
강원,정선군,사망자수,2,1,0,1,0,0,0,1,0,2,0,1,0,0,1,2,1,0,1,1,0,0,0,0,0,0,0,0,0,0,0,1,0,2,0,0
강원,정선군,부상자수,21,40,17,11,21,7,26,16,14,16,11,15,14,13,11,6,10,12,12,27,6,35,10,13,24,13,11,6,8,11,18,18,12,21,7,7
강원,철원군,사고건수,9,9,8,9,16,11,21,11,18,8,15,10,4,7,13,8,17,9,16,12,19,13,12,14,11,10,10,8,10,21,12,11,17,16,15,9
강원,철원군,사망자수,0,1,0,0,3,1,0,0,0,0,0,0,0,0,3,1,2,0,0,2,0,1,2,1,0,0,0,1,0,1,1,0,0,0,2,1
강원,철원군,부상자수,17,14,16,13,21,18,36,21,35,14,23,12,5,13,21,11,27,16,29,19,32,18,13,16,25,12,12,12,15,29,15,13,19,19,25,8
강원,화천군,사고건수,13,4,5,7,10,10,6,12,5,5,5,6,3,11,3,11,8,9,13,12,7,8,11,5,9,5,6,11,10,14,13,11,11,16,11,4
강원,화천군,사망자수,1,0,0,0,1,0,0,1,1,1,0,4,0,0,0,0,0,2,1,2,3,1,0,0,0,0,0,2,1,0,0,0,1,2,0,2
강원,화천군,부상자수,22,8,11,11,14,26,11,16,6,4,5,7,4,17,3,29,13,13,19,24,13,16,22,5,17,7,8,18,21,29,21,19,19,22,20,6
강원,양구군,사고건수,5,7,2,5,14,4,9,5,8,8,10,8,10,3,2,9,10,5,8,10,4,11,10,6,5,7,2,3,9,11,8,10,2,11,4,5
강원,양구군,사망자수,0,0,1,0,1,0,0,0,1,0,2,0,1,0,0,0,0,0,0,0,1,0,0,0,0,0,0,0,1,1,0,0,0,0,0,0
강원,양구군,부상자수,8,11,1,8,23,7,20,6,11,15,14,13,20,7,2,17,17,7,21,20,7,15,13,10,7,13,3,4,12,14,36,35,4,18,9,10
강원,인제군,사고건수,9,1,6,12,9,8,11,17,8,4,6,10,3,4,5,7,7,6,11,9,10,16,5,11,10,5,4,7,5,8,2,7,15,10,4,5
강원,인제군,사망자수,0,0,2,2,0,0,2,2,1,0,0,1,1,0,0,1,1,1,1,1,1,1,0,0,0,0,0,0,1,1,0,0,0,0,0,1
강원,인제군,부상자수,28,1,9,25,18,14,12,29,9,9,9,15,3,7,12,9,10,11,15,11,13,28,11,18,20,6,6,10,4,14,3,14,23,13,5,8
강원,고성군,사고건수,7,7,6,8,11,15,16,19,17,8,10,11,14,8,11,12,7,15,11,17,8,8,14,13,5,6,8,9,13,13,16,13,5,15,19,7
강원,고성군,사망자수,0,1,0,2,0,0,1,4,3,0,0,1,0,0,0,0,1,0,0,0,0,0,0,0,0,0,1,0,0,0,0,0,0,0,1,0
강원,고성군,부상자수,10,15,7,9,18,32,20,27,20,10,13,16,25,19,15,19,11,24,17,27,9,14,20,20,10,8,8,12,16,20,22,26,7,26,37,14
강원,양양군,사고건수,8,8,12,14,14,13,19,18,14,17,12,6,13,13,11,12,15,21,16,17,16,16,16,12,11,6,9,9,13,20,16,28,15,17,12,9
강원,양양군,사망자수,0,0,0,0,0,1,0,2,3,2,0,0,0,4,0,0,0,1,1,0,0,2,0,1,1,0,0,0,1,2,0,0,0,1,0,0
강원,양양군,부상자수,20,26,14,19,37,17,25,39,27,23,21,11,28,34,14,19,31,35,29,29,53,26,31,16,22,7,13,13,23,32,32,35,22,30,28,13
충북,합계,사고건수,621,692,763,821,787,818,855,841,820,881,934,785,681,581,771,794,878,802,797,851,822,902,892,767,648,630,597,697,699,755,721,721,759,802,768,601
충북,합계,사망자수,12,30,8,18,20,20,20,23,20,17,18,18,15,9,11,23,21,24,14,17,10,17,13,14,10,9,16,14,11,8,12,20,23,18,15,15
충북,합계,부상자수,1040,1135,1214,1344,1303,1328,1385,1327,1437,1397,1484,1293,1085,1015,1269,1245,1427,1290,1308,1377,1312,1471,1463,1277,1026,1006,924,1087,1132,1222,1096,1123,1184,1338,1199,901
충북,청주시,사고건수,347,366,387,436,424,440,459,447,409,469,478,414,347,323,398,394,456,420,431,432,406,449,476,417,368,356,318,363,362,399,383,373,372,417,414,331
충북,청주시,사망자수,6,12,2,10,8,9,6,8,6,6,6,7,1,1,5,7,7,4,2,3,3,3,3,10,3,3,8,4,1,4,7,8,3,8,8,4
충북,청주시,부상자수,589,569,607,685,717,721,738,674,735,715,749,662,556,567,637,615,718,700,698,686,622,705,751,683,594,564,485,540,546,624,593,582,564,699,613,483
충북,충주시,사고건수,81,101,122,115,112,108,116,86,132,139,123,114,112,82,119,111,132,114,97,122,115,121,134,105,77,84,82,85,89,85,99,81,112,123,100,82
충북,충주시,사망자수,2,3,1,0,5,5,3,0,3,0,2,3,5,0,0,6,5,4,2,2,1,3,7,1,0,1,2,4,2,1,1,0,5,2,1,2
충북,충주시,부상자수,130,151,197,185,178,159,191,158,230,211,239,200,169,133,192,207,248,172,177,214,205,217,245,171,130,124,138,142,153,154,156,135,198,215,151,134
충북,제천시,사고건수,67,60,82,74,76,74,76,88,75,74,102,64,63,49,58,76,81,68,58,79,105,90,87,56,61,58,62,80,66,67,66,75,85,71,66,44
충북,제천시,사망자수,1,2,2,0,0,1,4,2,2,2,2,3,2,3,1,1,1,5,0,1,3,2,0,0,0,0,2,1,1,0,1,1,6,1,0,3
충북,제천시,부상자수,121,124,139,148,143,134,121,149,119,123,153,101,94,96,123,111,129,103,97,139,162,158,154,107,95,88,94,139,113,112,95,118,141,116,131,62
충북,보은군,사고건수,9,5,10,12,11,12,13,18,12,14,18,15,10,4,17,15,15,11,15,22,10,21,17,8,4,4,10,11,13,13,10,15,16,12,15,9
충북,보은군,사망자수,0,0,0,0,1,1,0,1,1,1,1,0,1,0,0,1,3,2,4,1,0,1,0,0,0,0,2,1,2,0,0,1,2,0,1,0
충북,보은군,부상자수,13,7,14,19,10,21,26,31,17,21,24,21,11,9,25,19,35,21,26,41,27,44,24,12,5,6,14,16,18,26,15,35,25,19,20,11
충북,옥천군,사고건수,16,11,15,23,16,14,26,17,26,19,28,17,13,14,14,26,18,21,18,30,20,29,15,18,12,8,14,11,15,16,12,19,14,14,13,12
충북,옥천군,사망자수,1,0,0,1,0,1,2,1,1,2,2,0,1,2,0,1,0,0,0,2,1,0,0,0,0,1,0,0,0,0,0,1,1,1,0,1
충북,옥천군,부상자수,21,15,22,30,28,20,37,19,49,26,37,36,17,22,19,33,30,38,24,45,27,42,19,27,15,9,18,17,23,29,16,25,17,13,20,21
충북,영동군,사고건수,8,11,12,11,15,15,15,15,16,12,21,14,14,7,18,14,27,19,25,21,18,22,16,17,10,6,8,15,10,13,17,19,15,15,19,11
충북,영동군,사망자수,0,1,0,1,1,0,2,1,2,2,0,0,2,1,3,0,2,0,0,0,0,1,0,0,2,0,1,0,0,1,1,4,0,1,0,0
충북,영동군,부상자수,11,15,16,20,19,16,25,19,18,14,26,22,19,10,23,21,37,40,41,22,38,29,27,27,10,8,9,19,17,19,29,22,17,20,25,22
충북,진천군,사고건수,27,47,41,53,31,40,49,50,47,46,59,61,52,29,47,49,47,47,41,31,42,40,46,45,31,30,37,39,47,55,45,37,47,43,39,31
충북,진천군,사망자수,0,2,0,4,1,1,2,4,2,2,1,1,1,0,0,3,2,2,1,1,0,0,0,1,0,0,0,1,1,1,1,1,3,0,2,2
충북,진천군,부상자수,42,91,68,87,50,63,69,66,99,68,78,101,105,54,83,83,65,68,68,60,55,64,73,62,50,53,61,58,107,84,62,58,88,64,76,39
충북,괴산군,사고건수,13,19,18,20,23,24,19,26,25,15,22,15,10,6,12,13,13,15,20,24,23,18,20,16,11,13,12,14,18,22,16,21,17,19,20,10
충북,괴산군,사망자수,0,4,0,2,2,0,0,3,0,0,1,2,0,1,1,1,1,0,0,2,0,2,2,0,1,1,1,0,2,0,0,1,1,0,2,1
충북,괴산군,부상자수,27,51,32,40,30,37,35,39,46,21,40,28,18,5,16,17,20,22,31,35,37,27,40,29,17,27,17,28,40,38,29,33,24,45,28,14
충북,음성군,사고건수,38,50,49,54,55,61,61,64,56,61,57,46,40,44,58,59,56,66,61,56,56,69,49,49,51,49,37,53,47,52,47,59,53,52,52,54
충북,음성군,사망자수,2,4,1,0,1,1,0,2,3,1,3,2,1,0,0,1,0,5,3,3,1,2,1,1,3,2,0,3,2,1,1,3,1,2,1,1
충북,음성군,부상자수,59,83,85,98,89,114,105,121,82,140,94,78,65,80,105,87,104,93,100,89,79,115,78,99,72,95,63,78,71,88,62,86,75,98,74,90
충북,단양군,사고건수,6,13,15,6,13,16,8,17,10,15,11,5,5,5,12,18,12,12,12,15,16,24,14,12,13,10,9,12,12,14,13,13,12,20,12,5
충북,단양군,사망자수,0,2,1,0,1,1,1,1,0,1,0,0,0,0,1,1,0,1,1,2,1,3,0,0,1,0,0,0,0,0,0,0,1,3,0,0
충북,단양군,부상자수,11,19,21,9,23,24,12,27,19,28,15,15,12,10,17,27,16,18,17,25,40,50,24,23,22,16,14,30,14,24,21,15,15,30,25,7
충북,증평군,사고건수,9,9,12,17,11,14,13,13,12,17,15,20,15,18,18,19,21,9,19,19,11,19,18,24,10,12,8,14,20,19,13,9,16,16,18,12
충북,증평군,사망자수,0,0,1,0,0,0,0,0,0,0,0,0,1,1,0,1,0,1,1,0,0,0,0,1,0,1,0,0,0,0,0,0,0,0,0,1
충북,증평군,부상자수,16,10,13,23,16,19,26,24,23,30,29,29,19,29,29,25,25,15,29,21,20,20,28,37,16,16,11,20,30,24,18,14,20,19,36,18
충남,합계,사고건수,596,632,713,773,799,725,745,756,767,831,742,728,586,582,721,759,864,826,804,833,802,916,947,764,714,619,586,651,786,827,754,766,829,921,774,725
충남,합계,사망자수,18,21,39,30,21,18,26,30,45,40,35,31,27,15,18,21,19,30,26,23,23,42,33,31,27,17,26,19,18,17,24,25,21,28,24,15
충남,합계,부상자수,869,947,1048,1173,1290,1056,1125,1121,1162,1242,1157,1093,818,935,1110,1107,1254,1265,1233,1271,1262,1332,1357,1143,1071,900,875,1031,1192,1229,1116,1174,1203,1358,1152,1080
충남,천안시,사고건수,204,190,252,256,258,233,247,250,244,268,252,260,204,204,240,272,269,251,265,284,276,289,314,269,255,237,196,220,256,290,262,232,272,307,277,282
충남,천안시,사망자수,3,3,4,4,3,2,7,5,7,6,6,4,2,2,2,5,3,3,5,3,4,7,3,3,10,2,5,3,7,1,2,7,6,3,3,2
충남,천안시,부상자수,286,299,377,400,397,326,363,373,353,393,401,378,295,325,394,377,382,373,408,467,393,398,445,396,386,331,286,350,377,420,383,357,390,463,449,403
충남,아산시,사고건수,65,60,65,62,64,52,64,74,70,58,63,65,59,72,67,95,95,86,87,99,107,120,99,97,82,98,75,73,108,107,103,101,111,126,115,91
충남,아산시,사망자수,2,2,6,2,2,2,4,3,6,1,5,3,2,0,2,1,3,6,1,6,3,6,4,2,0,1,0,4,0,2,1,0,5,3,3,0
충남,아산시,부상자수,96,90,80,86,93,65,88,106,100,82,75,85,71,101,104,135,116,162,122,132,143,168,130,137,129,137,105,120,161,156,138,137,150,173,161,131
충남,보령시,사고건수,16,26,32,26,30,35,34,35,26,39,25,23,26,24,48,39,46,40,51,48,36,37,50,34,35,26,36,42,34,52,45,49,38,41,40,30
충남,보령시,사망자수,0,2,4,3,1,2,0,1,2,1,1,1,1,1,3,0,0,0,1,1,2,2,2,3,2,0,1,0,1,0,1,3,1,1,1,1
충남,보령시,부상자수,21,38,40,30,42,48,45,51,38,72,35,34,32,43,60,60,82,54,80,75,57,52,75,34,48,35,55,62,45,92,67,65,57,54,61,41
충남,공주시,사고건수,44,38,47,63,79,51,49,50,50,53,56,50,44,39,49,50,56,54,55,45,43,69,59,45,41,38,28,39,42,52,42,38,58,53,40,43
충남,공주시,사망자수,2,2,0,0,2,2,0,2,4,1,3,6,2,1,2,2,1,5,4,0,2,1,1,1,3,0,2,3,1,2,3,2,1,4,4,1
충남,공주시,부상자수,63,55,91,124,148,107,84,77,83,86,94,80,68,84,83,97,98,75,77,89,86,117,92,68,57,60,55,65,76,84,61,62,82,80,52,62
충남,서산시,사고건수,62,73,65,79,63,64,65,56,57,72,71,70,54,54,78,49,82,83,75,80,70,74,79,61,61,54,47,48,66,52,64,72,70,73,68,62
충남,서산시,사망자수,2,2,5,2,0,1,2,4,4,4,2,2,2,1,2,2,2,6,2,4,1,0,1,3,3,2,3,3,1,1,1,1,1,4,2,2
충남,서산시,부상자수,102,115,89,128,112,97,94,63,95,103,122,129,81,84,118,65,122,118,124,103,121,128,117,87,84,80,79,73,99,65,101,114,102,89,90,91
충남,금산군,사고건수,5,4,8,19,15,21,25,9,16,18,10,14,11,7,14,13,21,7,14,12,17,10,15,9,9,4,6,7,11,15,9,15,10,16,9,10
충남,금산군,사망자수,1,0,2,2,2,0,2,0,0,1,1,0,2,2,1,1,0,0,0,0,0,0,1,0,0,0,1,0,2,1,0,0,0,1,1,1
충남,금산군,부상자수,6,5,7,26,23,34,47,10,21,30,16,27,10,10,13,16,29,10,21,18,34,15,19,14,9,4,8,10,14,16,13,29,18,19,10,48
충남,태안군,사고건수,23,26,13,32,30,28,30,44,26,35,20,15,13,17,21,31,33,49,33,34,15,31,27,16,21,15,16,30,23,30,24,30,33,34,22,21
충남,태안군,사망자수,0,2,0,1,1,2,0,0,4,3,1,0,0,1,0,2,2,1,1,2,2,3,2,1,0,3,3,2,0,3,1,1,1,1,0,1
충남,태안군,부상자수,31,36,19,47,55,41,54,79,31,47,35,27,18,30,46,58,57,105,48,63,25,47,58,29,32,30,26,45,42,55,46,54,73,54,30,36
충남,논산시,사고건수,43,48,34,31,43,40,39,39,49,32,31,34,30,29,40,31,48,44,42,25,50,49,51,37,32,20,32,28,38,25,35,34,38,34,30,29
충남,논산시,사망자수,1,2,3,2,1,2,2,1,3,4,0,4,5,1,0,3,2,3,3,0,0,6,2,1,5,2,3,0,2,0,1,3,1,0,2,2
충남,논산시,부상자수,66,76,38,54,74,51,46,62,80,63,48,53,47,39,62,41,69,62,61,36,109,76,77,65,55,34,49,35,62,43,68,62,55,48,42,41
충남,부여군,사고건수,12,13,14,16,24,19,13,16,24,29,24,18,17,11,13,14,18,26,20,16,16,26,29,16,12,13,19,8,17,17,22,15,20,24,18,16
충남,부여군,사망자수,1,1,4,1,0,1,0,0,4,2,3,3,2,0,0,1,0,1,3,1,2,3,3,0,0,0,0,0,1,0,2,0,2,0,1,0
충남,부여군,부상자수,24,22,17,17,41,24,17,19,29,30,25,18,22,13,17,16,19,29,28,17,21,37,37,22,17,22,24,12,27,19,31,24,20,37,26,26
충남,서천군,사고건수,19,14,35,21,28,24,32,28,33,37,30,25,29,19,21,23,28,36,24,29,23,29,38,24,23,13,20,24,26,27,20,25,25,37,31,18
충남,서천군,사망자수,0,1,2,0,1,0,1,1,0,2,2,1,3,1,1,0,0,0,1,2,1,4,2,3,0,0,1,0,1,2,2,3,2,1,2,0
충남,서천군,부상자수,36,15,49,30,40,33,56,43,53,61,60,39,33,26,33,33,40,53,43,37,45,32,55,32,37,18,24,46,37,38,26,31,27,52,49,31
충남,청양군,사고건수,10,12,13,11,17,13,12,17,25,15,13,17,9,8,13,13,18,18,17,21,20,25,13,16,14,5,13,12,15,21,12,9,22,24,12,11
충남,청양군,사망자수,1,0,3,0,1,0,1,0,2,2,2,1,0,1,0,0,2,1,1,1,0,2,2,0,0,1,0,0,0,1,1,1,0,4,1,0
충남,청양군,부상자수,14,20,18,16,29,21,19,21,30,13,12,20,14,16,18,28,24,19,26,24,36,36,13,17,17,7,23,22,21,30,16,12,27,48,17,14
충남,홍성군,사고건수,20,23,25,27,24,34,26,29,30,41,23,20,13,24,33,28,24,36,26,31,27,36,38,25,29,21,21,24,30,35,26,28,19,34,28,27
충남,홍성군,사망자수,2,0,1,1,1,1,3,3,4,6,4,3,3,1,1,2,1,3,1,1,2,0,1,5,1,0,2,1,0,2,2,0,0,2,2,0
충남,홍성군,부상자수,26,38,39,29,46,39,37,43,43,67,36,24,11,41,45,40,37,48,39,43,38,51,53,28,34,27,26,34,41,45,34,53,25,42,46,36
충남,예산군,사고건수,28,39,30,46,38,29,39,30,45,43,43,29,27,20,22,33,38,29,34,36,31,43,53,31,29,21,28,26,36,38,28,42,38,41,25,23
충남,예산군,사망자수,2,1,1,6,1,0,0,2,2,4,4,1,0,0,1,0,2,0,1,0,2,4,3,4,2,1,4,0,0,0,1,2,1,1,0,1
충남,예산군,부상자수,33,50,46,66,58,49,63,38,76,63,69,44,41,34,34,44,58,34,49,56,40,65,75,50,48,29,41,40,59,56,42,54,56,63,33,34
충남,당진시,사고건수,41,60,78,78,81,77,64,72,65,85,72,80,44,50,58,64,83,63,55,66,67,74,79,80,68,53,46,63,73,60,58,70,71,73,54,62
충남,당진시,사망자수,1,3,4,5,5,2,4,8,3,3,1,2,3,3,3,2,1,0,2,2,2,4,6,5,1,5,1,3,2,2,6,2,0,2,1,4
충남,당진시,부상자수,61,77,136,113,122,114,104,123,109,122,118,120,67,81,77,89,109,110,98,101,108,104,106,157,112,85,69,105,114,96,84,113,115,129,80,86
충남,계룡시,사고건수,4,6,2,6,5,5,6,7,7,6,9,8,6,4,4,4,5,4,6,7,4,4,3,4,3,1,3,7,11,6,4,6,4,4,5,NaN
충남,계룡시,사망자수,0,0,0,1,0,1,0,0,0,0,0,0,0,0,0,0,0,1,0,0,0,0,0,0,0,0,0,0,0,0,0,0,0,1,1,NaN
충남,계룡시,부상자수,4,11,2,7,10,7,8,13,21,10,11,15,8,8,6,8,12,13,9,10,6,6,5,7,6,1,5,12,17,14,6,7,6,7,6,NaN
전북,합계,사고건수,533,489,549,605,599,569,555,585,623,652,626,544,491,516,592,623,713,651,622,705,637,721,706,638,573,482,489,511,544,580,553,537,579,612,556,435
전북,합계,사망자수,20,19,12,20,23,19,27,19,25,26,20,16,14,17,17,16,23,20,15,23,22,31,23,17,20,16,18,11,17,18,21,20,20,22,21,16
전북,합계,부상자수,796,786,766,877,929,864,815,934,977,957,940,811,733,853,888,1018,1098,967,908,1162,1006,1055,1041,922,854,743,746,748,828,897,876,876,856,886,835,633
전북,전주시,사고건수,189,182,180,197,175,169,181,180,214,195,210,187,177,193,209,179,205,193,183,214,199,221,201,191,197,166,161,157,153,183,200,159,184,193,180,149
전북,전주시,사망자수,5,3,1,4,2,2,5,2,2,6,2,2,3,2,2,3,2,2,1,7,5,2,3,3,2,4,2,1,2,4,2,4,5,3,6,5
전북,전주시,부상자수,288,300,253,276,268,263,279,294,369,286,282,290,250,312,305,303,323,273,265,307,296,346,294,267,269,234,271,233,223,292,322,242,277,274,250,229
전북,군산시,사고건수,78,73,83,97,98,88,95,82,76,94,106,96,72,78,100,90,120,104,94,114,96,111,133,113,95,77,74,89,110,102,94,93,91,98,107,73
전북,군산시,사망자수,3,3,1,2,4,3,6,2,2,4,1,5,0,2,1,2,3,3,0,1,5,4,2,2,1,2,1,1,4,5,2,2,3,3,0,1
전북,군산시,부상자수,106,99,104,147,151,119,128,130,113,133,150,141,109,120,152,162,184,135,157,218,163,148,187,180,140,119,104,141,187,158,145,161,137,146,186,119
전북,정읍시,사고건수,53,49,42,48,68,66,56,65,51,71,60,42,35,40,41,72,61,53,44,44,43,65,59,39,50,38,36,48,41,54,36,40,50,40,32,26
전북,정읍시,사망자수,1,3,1,0,1,2,0,2,3,3,1,0,2,0,1,0,1,0,5,2,1,1,3,4,3,0,2,3,0,1,0,2,1,3,2,1
전북,정읍시,부상자수,69,85,62,64,105,101,95,104,74,119,100,65,48,75,66,124,84,82,64,70,59,102,83,47,73,57,60,64,59,92,65,66,82,57,53,39
전북,남원시,사고건수,21,19,19,30,21,25,29,31,34,35,34,15,13,16,21,29,32,21,34,32,25,26,33,29,25,17,20,20,29,26,25,24,23,25,24,17
전북,남원시,사망자수,2,1,0,5,1,3,4,2,0,2,6,1,0,0,1,0,3,0,0,0,0,2,1,1,0,5,2,0,0,0,3,2,1,2,3,0
전북,남원시,부상자수,24,23,24,38,28,31,35,59,53,46,40,24,22,17,28,35,47,23,54,54,37,29,45,49,34,56,27,26,43,34,29,33,27,31,29,21
전북,김제시,사고건수,37,42,42,38,44,26,22,39,50,38,36,34,28,23,45,44,47,29,49,49,34,52,43,38,33,24,32,27,28,29,31,32,30,37,41,24
전북,김제시,사망자수,2,3,1,1,3,0,2,2,8,2,0,0,3,2,1,1,3,0,0,4,1,3,4,1,3,0,1,0,4,2,7,0,4,2,3,3
전북,김제시,부상자수,61,66,64,61,61,37,32,58,66,61,68,56,42,40,71,90,75,55,77,89,77,99,85,74,61,30,50,48,37,47,51,54,50,62,69,31
전북,완주군,사고건수,21,21,24,21,20,26,24,19,21,22,27,22,10,20,24,21,20,28,24,30,24,21,29,27,20,15,18,15,21,19,21,24,20,24,22,16
전북,완주군,사망자수,1,1,1,1,2,1,4,1,1,1,2,2,2,2,0,1,1,4,0,0,2,2,3,0,3,1,2,0,1,0,0,1,1,2,2,2
전북,완주군,부상자수,33,36,36,38,25,47,36,26,34,37,51,25,13,31,41,30,30,38,29,59,29,33,48,41,34,25,24,19,27,29,33,48,25,30,36,22
전북,진안군,사고건수,3,4,4,5,6,3,2,5,6,6,4,2,6,1,7,6,6,8,3,10,7,8,7,8,3,2,2,4,5,9,4,6,4,4,4,5
전북,진안군,사망자수,1,1,0,0,2,0,0,0,1,0,0,0,0,0,1,1,1,1,0,1,0,2,0,0,0,1,0,1,1,0,0,4,1,0,0,0
전북,진안군,부상자수,3,8,4,6,8,7,4,9,9,9,6,2,20,1,22,6,9,11,4,20,8,12,10,14,3,1,2,6,7,10,5,4,4,6,7,9
전북,무주군,사고건수,16,4,13,9,10,12,14,15,10,8,9,8,13,11,3,11,7,9,12,15,14,16,7,7,8,3,8,9,9,4,9,11,7,8,10,8
전북,무주군,사망자수,2,0,3,1,1,2,0,1,0,0,2,0,0,0,1,2,1,2,1,1,0,1,0,0,1,0,0,0,0,0,1,1,1,1,3,0
전북,무주군,부상자수,34,13,16,18,10,15,23,25,12,14,14,9,23,50,3,15,10,12,17,24,26,19,9,12,7,7,11,9,12,5,27,23,8,12,9,14
전북,장수군,사고건수,3,2,5,5,10,7,2,3,6,6,5,2,2,2,6,5,4,4,4,7,6,12,8,5,9,5,1,2,4,4,7,10,11,6,8,6
전북,장수군,사망자수,0,0,1,0,0,0,0,0,0,1,0,0,0,2,1,1,1,0,1,1,2,0,1,1,1,1,0,0,0,0,0,1,0,1,0,0
전북,장수군,부상자수,3,4,8,7,31,23,2,13,11,9,15,2,2,0,7,4,4,5,3,13,7,16,13,4,16,6,1,2,4,6,8,13,16,7,10,7
전북,임실군,사고건수,5,4,4,9,9,11,9,6,13,6,11,6,10,12,3,6,5,11,8,12,12,9,10,17,9,1,13,12,10,9,6,8,13,11,14,9
전북,임실군,사망자수,0,0,0,0,1,0,0,1,1,0,0,0,0,3,0,0,0,1,1,0,0,2,0,0,1,0,1,0,0,2,1,1,0,0,0,1
전북,임실군,부상자수,6,7,6,13,18,33,16,9,19,11,14,11,18,20,4,15,8,15,13,23,18,8,14,25,20,1,25,21,14,11,8,16,26,20,20,12
전북,순창군,사고건수,2,3,17,9,12,14,11,9,10,17,9,7,7,11,6,10,12,12,8,14,9,7,9,5,8,7,11,12,7,8,8,7,12,12,9,8
전북,순창군,사망자수,0,0,3,0,1,1,0,0,0,0,1,0,1,1,0,0,0,1,1,2,1,0,2,0,1,0,0,0,0,0,0,1,0,1,0,0
전북,순창군,부상자수,2,3,18,10,29,19,12,17,13,25,12,9,8,12,9,11,17,18,9,20,9,8,8,5,14,11,15,18,12,11,12,10,13,19,14,10
전북,고창군,사고건수,6,8,10,13,9,17,12,8,14,17,5,8,7,16,9,14,18,21,8,6,22,25,15,12,12,8,11,18,13,16,12,13,10,11,11,12
전북,고창군,사망자수,0,0,0,4,1,1,2,1,4,3,1,2,0,0,0,0,0,2,0,1,3,5,1,3,2,2,1,2,1,0,1,0,0,0,0,1
전북,고창군,부상자수,11,13,13,17,17,24,18,13,25,21,4,10,10,34,16,24,34,27,9,8,35,39,29,17,24,13,15,24,20,32,20,24,17,15,22,12
전북,부안군,사고건수,21,9,25,27,26,27,22,23,30,30,17,24,15,11,16,26,32,41,24,23,28,37,30,15,15,14,14,16,20,21,13,19,20,29,16,16
전북,부안군,사망자수,1,0,0,0,0,1,2,2,3,1,1,0,0,0,3,1,4,2,2,0,0,4,2,0,0,0,0,1,2,2,1,0,2,0,0,0
전북,부안군,부상자수,39,17,31,38,40,42,37,38,47,51,36,33,26,20,24,40,42,99,32,45,69,56,43,20,28,19,23,19,29,31,12,45,33,41,24,23
전북,익산시,사고건수,78,69,81,97,91,78,76,100,88,107,93,91,96,82,102,110,144,117,127,135,118,111,122,132,89,105,88,82,94,96,87,91,104,114,78,66
전북,익산시,사망자수,2,4,0,2,4,3,2,3,0,3,3,4,3,3,5,4,3,2,3,3,2,3,1,2,2,0,6,2,2,2,3,1,1,4,2,2
전북,익산시,부상자수,117,112,127,144,138,103,98,139,132,135,148,134,142,121,140,159,231,174,175,212,173,140,173,167,131,164,118,118,154,139,139,137,141,166,106,85
전남,합계,사고건수,668,665,762,841,843,798,863,859,857,984,843,804,793,678,847,911,1001,906,872,943,924,1087,1030,885,836,709,764,705,874,963,764,831,869,924,799,778
전남,합계,사망자수,29,18,27,23,32,23,22,37,34,26,28,31,23,17,24,28,31,24,16,24,24,31,23,29,20,21,20,11,25,29,17,28,24,30,16,32
전남,합계,부상자수,1129,1052,1204,1362,1376,1297,1422,1382,1357,1512,1319,1268,1259,1152,1332,1609,1677,1485,1419,1547,1525,1711,1699,1490,1326,1123,1210,1107,1453,1568,1247,1342,1358,1477,1220,1214
전남,목포시,사고건수,99,106,112,106,130,124,119,132,123,148,134,124,142,110,136,139,165,141,148,169,171,179,178,140,142,114,125,130,124,143,160,153,165,140,144,134
전남,목포시,사망자수,1,1,1,1,3,0,2,2,2,0,2,2,0,3,2,0,1,1,0,0,0,0,1,5,0,0,1,1,1,0,1,2,4,2,2,3
전남,목포시,부상자수,177,167,189,176,219,200,210,199,214,221,240,208,228,189,230,266,295,240,251,286,291,309,289,253,235,200,212,209,214,243,286,262,274,237,245,230
전남,여수시,사고건수,127,98,106,120,139,128,128,119,107,161,124,106,111,99,117,128,129,143,136,138,108,151,163,144,112,128,130,123,145,166,134,154,142,147,118,136
전남,여수시,사망자수,3,1,3,4,3,1,2,3,2,5,3,3,1,0,3,0,3,2,0,4,5,5,1,3,3,2,1,0,4,5,1,2,3,1,1,4
전남,여수시,부상자수,185,152,156,183,227,207,189,182,151,250,169,151,171,152,168,213,206,224,192,229,167,212,269,205,172,197,174,192,243,259,195,249,206,239,182,203
전남,순천시,사고건수,87,94,118,123,100,116,130,106,118,115,111,107,110,101,112,108,140,119,117,125,117,148,145,120,137,93,110,95,118,131,101,95,121,136,95,108
전남,순천시,사망자수,3,0,2,3,4,3,1,3,7,3,2,1,2,1,1,1,2,4,0,7,2,2,2,4,0,2,3,1,1,2,3,3,2,5,2,3
전남,순천시,부상자수,145,169,181,189,154,175,189,169,183,187,154,157,160,163,162,190,213,193,192,204,185,234,231,217,197,141,164,130,201,210,169,134,170,196,134,175
전남,나주시,사고건수,39,36,58,52,53,56,60,63,62,56,54,54,59,36,51,55,67,47,61,63,54,53,48,52,37,46,36,41,44,60,35,32,39,45,35,43
전남,나주시,사망자수,3,1,2,2,2,1,2,3,1,2,3,1,3,0,2,2,3,1,3,3,2,2,1,3,0,3,1,0,1,1,0,2,3,1,1,4
전남,나주시,부상자수,61,60,103,99,85,106,110,107,113,96,91,108,106,80,85,97,118,81,99,95,115,80,75,89,59,75,54,91,65,88,47,59,70,86,50,65
전남,광양시,사고건수,44,55,55,63,54,33,70,54,62,68,51,57,58,49,50,64,77,41,64,65,73,62,71,65,69,53,57,45,66,60,46,56,47,59,52,53
전남,광양시,사망자수,1,1,1,0,0,3,1,5,0,1,0,2,1,1,1,2,2,2,2,0,2,3,1,0,0,2,1,2,2,0,2,1,0,3,0,1
전남,광양시,부상자수,69,96,93,93,78,50,110,76,112,94,81,80,88,83,74,102,119,58,98,113,101,83,121,102,124,75,105,66,104,111,77,77,69,78,74,73
전남,담양군,사고건수,18,27,18,28,26,25,25,39,28,30,21,20,21,19,24,23,34,37,21,27,21,29,32,33,19,17,16,22,26,26,28,23,25,29,31,25
전남,담양군,사망자수,0,1,0,2,1,2,0,4,2,1,1,2,0,0,1,0,2,3,0,2,0,0,4,0,1,1,1,0,0,0,1,1,1,0,0,0
전남,담양군,부상자수,32,47,28,60,39,39,50,62,44,43,39,35,35,33,44,40,65,58,43,47,43,57,63,66,28,29,36,39,56,51,50,35,45,59,57,36
전남,곡성군,사고건수,9,3,9,11,22,8,7,10,8,9,14,12,11,9,9,17,14,14,13,19,8,17,13,9,10,10,11,7,14,9,10,14,5,16,7,9
전남,곡성군,사망자수,0,0,0,0,0,0,0,1,0,0,0,1,0,1,0,3,2,0,0,0,0,2,0,1,0,3,0,0,0,0,0,1,0,3,0,0
전남,곡성군,부상자수,11,3,12,16,44,10,10,12,11,13,19,15,18,12,14,21,36,38,20,26,24,30,19,13,15,14,13,8,22,17,12,22,9,25,10,17
전남,구례군,사고건수,6,6,9,11,13,10,8,7,14,11,4,12,14,5,20,12,9,7,11,18,8,14,13,11,9,12,6,10,11,7,7,11,11,13,8,6
전남,구례군,사망자수,1,1,0,1,1,1,0,1,1,0,1,1,0,3,0,0,1,0,1,0,0,2,0,0,1,2,0,0,2,0,0,2,0,0,0,1
전남,구례군,부상자수,9,7,15,16,16,13,10,11,15,16,3,17,19,6,28,18,18,15,14,26,26,24,22,12,11,12,15,12,16,10,9,21,12,23,9,9
전남,고흥군,사고건수,16,18,17,28,24,31,23,28,28,28,27,19,20,23,34,39,26,25,26,26,31,22,32,25,27,21,30,23,33,31,18,37,22,25,26,24
전남,고흥군,사망자수,0,0,1,1,0,3,0,4,2,1,0,2,0,0,2,7,2,1,0,0,1,1,1,2,1,1,2,1,0,1,2,4,0,2,0,3
전남,고흥군,부상자수,31,24,21,42,45,43,37,44,46,35,44,23,36,58,54,98,41,35,46,48,52,34,51,42,46,28,51,29,64,48,22,59,33,35,37,32
전남,보성군,사고건수,13,23,24,23,28,14,21,21,23,26,28,29,13,16,23,19,24,33,25,22,27,22,30,22,13,14,17,17,18,28,17,19,18,23,16,20
전남,보성군,사망자수,1,2,2,0,1,0,1,0,0,1,4,1,1,1,1,0,0,3,2,1,1,0,4,1,0,0,2,0,2,3,0,0,2,1,1,2
전남,보성군,부상자수,32,33,39,35,41,20,41,32,34,35,39,48,23,24,36,37,47,46,43,30,35,34,42,43,24,22,23,29,32,55,33,29,25,34,33,24
전남,화순군,사고건수,28,16,28,20,17,35,25,30,22,32,15,31,26,22,31,25,28,26,25,23,26,33,29,31,25,18,26,17,26,26,25,28,22,42,32,31
전남,화순군,사망자수,0,1,0,0,0,3,1,0,2,0,0,4,1,1,3,0,0,0,0,0,0,2,2,2,1,2,0,1,0,1,0,3,0,3,1,0
전남,화순군,부상자수,49,21,51,35,32,82,43,60,52,52,36,61,45,49,57,33,49,54,40,34,47,40,40,58,34,29,36,35,48,48,54,34,39,65,48,53
전남,장흥군,사고건수,27,16,24,29,27,17,19,20,22,35,20,17,20,18,17,16,33,28,26,23,32,36,27,25,21,18,16,22,29,27,20,25,25,19,21,12
전남,장흥군,사망자수,3,0,3,2,0,1,0,1,2,0,0,1,2,0,2,1,2,1,0,0,0,0,2,1,1,0,0,0,1,3,0,0,1,2,1,0
전남,장흥군,부상자수,51,22,36,47,40,23,26,34,30,59,32,27,24,37,26,23,64,41,37,36,45,50,39,44,36,30,22,34,38,49,28,47,39,30,29,21
전남,강진군,사고건수,21,12,13,22,24,33,20,28,46,28,27,28,27,21,21,25,26,20,20,22,45,39,27,28,26,18,21,15,33,38,25,24,19,23,37,22
전남,강진군,사망자수,2,0,1,1,2,1,1,1,2,0,1,2,1,0,0,0,1,0,0,0,1,2,1,0,0,0,1,0,0,3,0,0,0,0,1,0
전남,강진군,부상자수,29,25,28,39,44,59,29,68,63,45,55,52,39,34,32,38,36,39,35,43,74,60,48,45,42,28,36,21,50,56,45,32,26,32,52,36
전남,해남군,사고건수,19,23,28,30,30,33,26,33,33,40,41,30,42,26,43,42,39,48,32,30,30,46,27,29,27,12,28,22,30,35,14,16,30,24,24,19
전남,해남군,사망자수,0,3,1,1,1,1,0,1,3,1,3,2,1,0,0,3,2,4,3,0,4,4,0,1,0,0,2,1,2,2,1,2,3,1,0,2
전남,해남군,부상자수,34,30,43,46,48,48,47,51,46,56,55,48,79,46,73,69,74,62,55,50,41,73,48,42,43,25,48,29,43,48,19,20,37,45,39,23
전남,영암군,사고건수,30,40,42,56,38,35,49,29,25,48,45,51,32,24,35,59,43,35,30,39,36,67,53,40,37,34,36,26,31,33,28,29,36,37,37,36
전남,영암군,사망자수,3,1,0,2,8,2,1,1,0,2,3,1,3,0,1,1,3,1,0,0,0,1,1,0,2,0,1,1,1,0,1,1,0,1,0,1
전남,영암군,부상자수,61,62,75,96,71,66,93,58,52,81,66,82,71,38,65,116,66,64,61,72,65,120,90,71,70,60,62,43,63,63,43,52,71,61,55,60
전남,무안군,사고건수,29,25,30,22,31,22,34,31,31,42,22,31,17,23,36,43,37,32,33,39,36,40,35,24,34,29,29,24,31,40,29,26,42,40,40,31
전남,무안군,사망자수,2,1,2,0,4,0,1,1,2,3,1,0,1,0,2,2,1,1,1,5,1,1,0,2,2,0,2,0,1,2,1,2,1,1,1,2
전남,무안군,부상자수,49,30,37,32,59,35,49,41,39,65,31,53,26,34,54,60,55,50,47,53,53,56,52,39,54,46,52,41,41,59,45,40,65,56,60,58
전남,함평군,사고건수,9,18,21,22,15,15,17,18,16,22,19,17,9,13,15,17,21,18,13,17,14,28,20,8,15,12,12,13,18,21,12,15,14,12,21,20
전남,함평군,사망자수,1,1,2,1,0,0,0,0,0,0,0,1,0,2,1,0,0,0,1,0,4,1,0,0,1,0,0,0,1,2,0,0,0,0,0,2
전남,함평군,부상자수,21,35,26,36,25,30,43,31,23,30,31,27,11,16,23,24,31,26,19,24,17,51,42,13,24,15,16,24,27,39,22,28,29,30,35,30
전남,영광군,사고건수,16,17,18,19,20,15,23,30,27,19,22,19,10,13,13,16,18,22,23,20,21,25,21,23,19,16,14,11,16,16,19,19,17,20,12,11
전남,영광군,사망자수,1,1,3,2,0,0,1,2,4,0,0,2,1,1,1,3,0,0,1,1,1,0,0,2,2,2,2,1,1,1,0,0,0,1,0,2
전남,영광군,부상자수,29,24,24,25,26,22,38,55,34,32,31,21,13,16,21,40,23,32,45,28,27,33,29,40,29,19,22,22,33,20,33,30,37,31,19,16
전남,장성군,사고건수,14,12,11,22,18,22,21,19,30,21,23,12,13,20,26,24,25,27,19,17,24,27,23,25,14,13,20,18,28,26,14,21,30,28,23,14
전남,장성군,사망자수,1,1,1,0,1,0,2,0,0,1,0,1,0,1,0,1,0,0,2,0,0,1,1,1,0,1,0,0,1,1,0,0,1,0,2,0
전남,장성군,부상자수,17,17,19,32,33,37,34,30,47,44,40,17,17,31,43,46,50,47,30,27,45,51,44,45,19,20,33,26,39,32,25,43,48,46,33,22
전남,완도군,사고건수,7,12,9,18,16,14,16,9,16,21,17,12,12,11,11,11,18,19,14,23,20,22,16,9,16,11,15,12,18,15,10,17,22,12,8,14
전남,완도군,사망자수,3,1,1,0,0,0,2,1,1,1,2,1,1,1,0,1,0,0,0,0,0,1,0,0,1,0,0,1,3,1,1,1,3,0,0,1
전남,완도군,부상자수,11,14,13,24,19,16,30,12,22,31,22,19,16,12,11,15,30,26,23,42,38,35,39,12,22,16,19,13,27,18,17,36,28,19,9,21
전남,진도군,사고건수,9,5,6,10,13,8,11,21,11,9,12,8,16,10,11,11,15,8,7,8,10,18,11,15,14,13,4,5,6,12,5,10,6,18,7,5
전남,진도군,사망자수,0,0,0,0,0,1,1,2,1,1,0,0,3,0,0,1,4,0,0,1,0,1,1,1,2,0,0,1,1,1,0,1,0,1,1,0
전남,진도군,부상자수,24,8,7,33,23,10,22,33,18,9,23,11,22,21,18,16,19,12,17,13,13,29,16,27,16,19,10,4,12,18,7,18,7,31,6,6
전남,신안군,사고건수,1,3,6,6,5,4,11,12,5,15,12,8,10,10,12,18,13,16,8,10,12,9,16,7,13,7,5,7,9,13,7,7,11,16,5,5
전남,신안군,사망자수,0,0,1,0,1,0,3,1,0,3,2,0,1,1,1,0,0,0,0,0,0,0,0,0,2,0,0,0,0,0,3,0,0,2,2,1
전남,신안군,부상자수,2,6,8,8,8,6,12,15,8,18,18,8,12,18,14,47,22,44,12,21,21,16,30,12,26,23,7,10,15,26,9,15,19,19,4,4
경북,합계,사고건수,1023,961,1097,1204,1212,1169,1240,1236,1223,1282,1200,1119,1017,865,1121,1198,1397,1269,1199,1302,1239,1367,1462,1212,1030,858,801,959,1097,1181,1138,1140,1086,1226,1150,1007
경북,합계,사망자수,24,29,25,29,38,27,33,41,39,61,26,37,30,26,30,31,29,32,24,24,28,30,29,41,29,23,17,21,41,33,29,40,26,41,26,28
경북,합계,부상자수,1563,1470,1609,1839,1819,1691,1868,1934,1864,1894,1724,1644,1523,1370,1687,1808,2113,1898,1784,1961,1840,2065,2107,1814,1527,1259,1168,1381,1636,1736,1704,1787,1566,1828,1696,1435
경북,포항시,사고건수,224,213,246,238,242,198,237,227,220,254,240,223,192,170,226,218,266,239,225,228,225,265,274,249,211,184,159,182,223,243,229,216,195,241,228,226
경북,포항시,사망자수,4,2,4,1,6,4,3,6,6,9,2,6,0,3,3,6,3,2,2,0,2,5,5,2,2,1,2,1,2,0,2,3,1,6,5,2
경북,포항시,부상자수,353,324,385,343,359,275,351,375,341,387,329,328,311,269,352,332,418,356,359,349,355,411,393,364,306,276,225,278,369,391,368,344,288,377,328,337
경북,경주시,사고건수,109,104,122,172,130,119,153,151,151,145,136,134,135,104,135,147,156,152,166,144,135,166,167,134,125,92,93,111,104,126,101,120,94,118,119,109
경북,경주시,사망자수,3,4,2,4,7,0,2,6,4,2,3,8,2,2,4,3,3,4,3,2,2,3,2,5,2,4,1,2,1,3,0,7,4,2,1,3
경북,경주시,부상자수,167,161,177,292,209,156,230,239,235,231,220,212,223,157,188,244,278,240,247,233,181,259,242,222,188,134,137,143,150,175,166,179,127,181,179,155
경북,김천시,사고건수,46,38,55,52,52,56,45,62,47,59,53,50,45,43,64,62,70,62,47,52,59,55,65,59,51,42,35,36,58,48,53,51,61,70,42,31
경북,김천시,사망자수,2,1,1,1,2,2,1,0,0,5,3,1,4,2,2,1,2,3,0,1,1,0,0,1,3,0,0,1,6,2,3,4,3,3,3,1
경북,김천시,부상자수,63,45,86,64,60,86,60,81,62,87,71,65,62,60,94,87,92,81,65,82,77,85,90,77,62,48,48,45,74,59,68,66,80,88,56,36
경북,안동시,사고건수,70,67,63,86,75,74,80,85,88,93,88,79,72,51,71,90,100,96,88,98,94,102,104,79,70,61,58,75,71,76,95,79,108,81,83,72
경북,안동시,사망자수,1,2,3,1,3,2,2,3,3,3,0,2,4,1,2,5,1,4,3,3,2,1,1,4,1,1,1,1,5,0,2,3,1,5,0,2
경북,안동시,부상자수,114,106,90,131,127,129,116,117,129,133,136,102,115,99,122,132,141,145,113,148,139,161,139,108,123,95,87,107,115,125,140,142,166,125,141,104
경북,구미시,사고건수,147,132,151,158,170,180,182,178,173,150,145,153,132,145,163,164,187,175,152,172,187,173,216,161,157,109,104,127,135,139,166,161,151,157,138,149
경북,구미시,사망자수,2,0,1,3,7,3,5,6,1,4,1,5,0,5,2,2,2,1,2,2,4,4,2,4,6,1,2,3,2,1,3,2,3,0,1,1
경북,구미시,부상자수,205,206,234,254,239,235,293,259,274,200,220,217,180,240,260,236,280,267,210,225,281,266,311,233,211,146,165,192,194,193,228,231,207,218,220,224
경북,영주시,사고건수,43,37,26,43,49,50,41,46,62,54,49,37,43,23,40,57,46,47,35,52,42,59,53,58,35,23,30,33,37,30,30,42,34,45,41,39
경북,영주시,사망자수,1,0,0,0,1,1,1,1,3,2,0,0,2,0,2,0,1,1,0,1,1,0,3,0,0,2,0,2,1,2,0,2,0,1,1,0
경북,영주시,부상자수,58,56,31,62,67,66,64,64,88,83,65,56,61,30,50,77,61,66,48,80,47,80,65,76,52,29,49,42,41,36,35,61,54,52,53,46
경북,영천시,사고건수,52,49,54,52,59,52,59,69,59,78,66,72,54,61,62,53,67,75,77,71,77,70,70,56,49,49,49,59,54,57,66,57,76,71,80,50
경북,영천시,사망자수,1,1,0,1,0,2,0,5,2,3,4,1,3,0,2,1,3,2,4,1,0,3,1,3,2,2,2,0,3,3,1,4,0,1,0,3
경북,영천시,부상자수,89,96,91,82,108,98,103,118,97,123,97,126,85,95,104,95,107,112,148,128,147,118,121,91,82,96,72,86,88,89,119,96,131,123,130,77
경북,문경시,사고건수,33,34,29,36,34,39,32,38,48,39,40,37,28,24,21,25,43,36,43,39,40,38,39,30,28,23,21,26,30,38,37,38,26,25,30,22
경북,문경시,사망자수,1,1,2,0,0,1,0,0,3,2,0,3,1,0,0,0,0,0,0,3,2,1,1,0,0,1,0,1,2,3,1,1,1,1,2,2
경북,문경시,부상자수,66,58,37,71,59,55,62,69,80,67,55,53,50,53,30,50,61,58,65,54,56,63,56,35,52,30,29,45,44,57,57,71,33,32,45,27
경북,상주시,사고건수,33,48,54,49,58,59,50,47,61,61,46,38,42,33,36,59,62,60,49,60,59,57,64,49,39,36,25,33,53,56,46,54,47,61,54,40
경북,상주시,사망자수,0,6,1,4,3,0,3,2,3,9,3,0,2,3,0,3,0,3,2,2,2,5,2,2,2,2,1,2,2,2,3,4,5,7,3,5
경북,상주시,부상자수,47,66,64,66,82,78,64,80,99,91,57,60,54,33,58,84,82,93,63,85,85,96,89,71,58,54,34,58,69,74,66,83,60,86,77,63
경북,군위군,사고건수,2,3,5,9,5,10,8,10,11,10,6,7,6,7,11,6,16,11,10,16,10,15,11,16,5,7,5,8,4,20,12,8,9,5,15,8
경북,군위군,사망자수,0,0,0,0,0,1,1,0,1,2,0,2,0,1,1,1,2,0,1,2,0,1,2,7,0,0,0,0,0,1,1,0,0,0,1,2
경북,군위군,부상자수,2,3,9,13,11,10,12,17,11,14,23,12,6,7,12,8,27,14,21,22,15,21,15,59,6,10,8,11,9,26,20,15,15,8,17,12
경북,의성군,사고건수,19,15,25,17,23,29,25,21,13,27,28,11,12,6,21,13,17,18,26,20,22,29,35,22,15,8,10,12,21,25,29,23,22,35,24,9
경북,의성군,사망자수,1,1,0,2,0,0,2,1,0,2,0,0,2,0,3,1,1,3,1,1,1,2,2,3,0,1,1,0,2,1,4,2,0,4,1,0
경북,의성군,부상자수,27,20,32,22,28,42,33,35,15,39,43,15,18,11,29,15,21,22,33,28,29,42,54,32,27,8,14,17,31,32,42,38,33,46,39,11
경북,청송군,사고건수,5,5,4,12,6,13,7,5,9,12,9,8,3,6,5,6,8,7,7,8,9,12,11,7,5,4,3,4,8,2,7,9,2,9,6,1
경북,청송군,사망자수,0,0,0,2,0,2,1,0,2,2,1,0,0,0,1,0,2,0,1,0,0,1,2,0,0,0,1,0,1,0,0,0,0,3,0,0
경북,청송군,부상자수,7,9,7,14,14,17,17,5,12,18,10,12,4,9,4,10,9,16,7,11,10,18,20,8,13,7,2,4,10,5,10,11,2,9,7,1
경북,영양군,사고건수,5,6,3,8,7,9,10,15,13,1,2,7,5,2,2,4,10,5,4,7,8,5,5,7,7,4,3,4,7,7,5,8,10,9,7,8
경북,영양군,사망자수,0,0,0,0,0,0,0,0,1,0,0,0,1,0,0,0,0,0,0,0,0,0,0,1,0,0,0,0,1,0,1,0,0,0,0,0
경북,영양군,부상자수,6,7,3,10,9,10,12,27,23,2,2,7,6,3,3,6,22,10,4,12,10,6,6,7,10,6,5,8,7,7,6,13,11,15,13,13
경북,영덕군,사고건수,25,12,14,30,17,24,26,18,29,33,18,18,22,8,21,19,21,23,22,24,17,16,20,21,15,16,13,18,17,24,20,27,20,23,19,17
경북,영덕군,사망자수,0,0,1,2,0,1,0,0,2,5,0,0,2,0,0,2,3,1,0,0,1,0,0,0,1,1,0,0,1,0,0,1,1,2,2,0
경북,영덕군,부상자수,44,16,18,48,28,38,51,38,41,52,27,39,30,16,36,27,29,36,31,36,22,19,29,33,31,24,19,31,33,39,47,61,27,32,29,23
경북,청도군,사고건수,15,16,20,13,18,17,32,20,19,22,17,12,19,16,15,15,16,24,11,26,13,16,17,24,10,9,11,14,21,18,7,17,21,24,14,9
경북,청도군,사망자수,0,1,2,1,1,0,5,0,0,2,1,2,1,3,0,1,2,1,0,0,3,0,0,2,0,2,1,0,2,3,0,3,1,1,0,1
경북,청도군,부상자수,24,24,43,24,33,28,40,33,40,31,29,12,27,17,21,14,23,32,20,51,18,31,31,38,16,10,18,21,33,32,9,24,32,34,19,13
경북,고령군,사고건수,19,12,12,12,20,22,11,12,19,25,16,9,8,12,18,17,18,9,8,14,13,18,15,13,12,14,8,9,17,15,9,12,15,18,15,12
경북,고령군,사망자수,1,0,0,1,1,2,0,2,0,3,1,0,0,0,0,0,0,1,0,1,0,0,2,0,1,2,0,0,1,2,0,1,0,0,0,0
경북,고령군,부상자수,33,19,16,13,37,35,17,14,31,31,19,12,11,24,22,22,34,9,16,22,20,24,15,23,20,20,13,13,25,21,10,15,22,26,21,13
경북,성주군,사고건수,20,21,17,25,25,26,30,25,31,16,21,20,19,16,28,26,28,18,31,25,20,28,25,25,21,18,16,20,27,28,17,27,11,29,21,19
경북,성주군,사망자수,0,1,1,1,3,1,2,0,1,0,2,1,0,1,2,1,1,2,0,0,0,1,0,3,2,0,0,1,0,1,4,0,0,1,0,0
경북,성주군,부상자수,30,26,20,36,36,31,38,47,53,21,30,28,31,25,35,43,36,24,53,33,29,34,36,37,32,23,22,24,31,50,29,41,15,41,37,27
경북,칠곡군,사고건수,45,52,68,54,61,56,64,76,45,54,71,57,57,45,52,68,87,63,54,84,57,85,70,59,53,45,60,62,70,74,67,49,58,72,70,72
경북,칠곡군,사망자수,2,1,0,2,0,1,4,2,2,1,1,1,2,1,1,2,0,2,2,2,0,1,2,2,1,0,1,1,1,2,1,1,3,2,1,1
경북,칠곡군,부상자수,72,90,100,93,88,110,92,123,70,79,104,81,81,70,83,111,146,112,78,148,87,113,104,103,73,65,89,87,111,105,93,86,94,125,92,115
경북,예천군,사고건수,12,15,11,15,17,18,13,18,14,24,13,18,18,11,14,17,19,14,18,19,15,19,28,14,11,15,17,19,13,11,21,19,16,16,18,15
경북,예천군,사망자수,0,0,1,0,2,0,0,0,1,2,2,1,2,0,1,0,0,0,0,0,2,0,0,1,4,1,2,1,1,1,0,0,1,0,1,1
경북,예천군,부상자수,16,26,13,17,20,28,19,26,19,36,13,26,22,19,25,26,27,16,31,25,19,30,47,19,12,32,22,27,21,16,29,26,24,27,23,16
경북,봉화군,사고건수,11,8,8,13,17,7,15,13,14,12,18,13,11,7,7,13,18,15,14,17,11,10,13,13,7,9,13,12,14,14,8,13,11,12,10,13
경북,봉화군,사망자수,1,0,0,0,0,0,0,0,0,0,0,0,0,2,0,0,1,0,0,2,0,0,0,0,0,0,2,2,0,1,0,1,1,0,1,1
경북,봉화군,부상자수,21,22,11,22,30,10,25,29,17,18,31,21,20,11,11,20,32,22,24,21,13,20,25,20,12,12,19,14,17,24,9,17,14,26,14,18
경북,울진군,사고건수,9,9,8,12,13,16,10,14,11,11,18,18,17,10,12,17,16,18,16,18,13,14,8,12,13,9,9,7,17,9,12,8,5,19,15,4
경북,울진군,사망자수,0,3,1,0,0,1,1,1,1,0,0,0,0,0,0,1,1,1,1,1,1,0,0,0,1,0,0,1,3,1,1,0,0,0,0,1
경북,울진군,부상자수,9,12,7,21,17,23,18,22,11,15,24,25,25,15,14,24,16,26,22,24,26,16,8,19,15,12,10,11,18,11,16,10,10,32,20,5
경북,울릉군,사고건수,1,NaN,2,3,2,3,3,4,1,1,NaN,2,1,NaN,1,NaN,4,NaN,2,3,3,2,1,1,1,NaN,NaN,NaN,3,3,3,3,NaN,NaN,NaN,NaN
경북,울릉군,사망자수,0,NaN,0,1,0,0,0,0,0,0,NaN,0,0,NaN,0,NaN,0,NaN,0,0,0,0,0,0,1,NaN,NaN,NaN,0,0,0,0,NaN,NaN,NaN,NaN
경북,울릉군,부상자수,1,NaN,2,8,2,5,6,4,1,1,NaN,3,1,NaN,1,NaN,5,NaN,8,4,39,2,1,1,0,NaN,NaN,NaN,4,4,4,6,NaN,NaN,NaN,NaN
경북,경산시,사고건수,78,65,100,95,112,92,107,82,85,101,100,96,76,65,96,102,122,102,94,105,110,113,151,103,90,81,59,88,93,118,98,99,94,86,101,82
경북,경산시,사망자수,4,5,5,2,2,3,0,6,3,3,2,4,2,2,4,1,1,1,2,0,4,2,2,1,0,2,0,2,4,4,2,1,1,2,3,2
경북,경산시,부상자수,109,78,133,133,156,126,145,112,115,135,119,132,100,107,133,145,166,141,118,140,135,150,210,138,126,122,81,117,142,165,133,151,121,125,136,99
경남,합계,사고건수,859,807,952,958,968,967,996,961,970,1091,990,974,868,816,1069,1139,1184,1057,1071,1120,1128,1150,1186,1042,928,819,883,915,992,1149,987,1064,986,1103,1015,898
경남,합계,사망자수,21,22,28,25,23,30,31,35,30,28,28,32,20,15,21,27,25,22,20,22,27,30,31,33,30,24,22,17,19,24,17,22,24,33,28,20
경남,합계,부상자수,1230,1132,1349,1366,1364,1408,1416,1399,1396,1564,1422,1408,1246,1178,1585,1647,1709,1539,1579,1749,1596,1604,1670,1461,1321,1147,1260,1292,1396,1605,1437,1605,1370,1550,1391,1233
경남,진주시,사고건수,57,58,52,65,74,88,66,77,71,87,74,56,69,55,68,76,78,83,58,54,73,79,77,72,47,54,53,45,61,63,65,63,60,56,48,41
경남,진주시,사망자수,0,1,2,1,2,1,4,3,3,2,0,4,2,2,1,3,1,3,1,0,6,3,3,3,2,4,0,1,5,3,2,2,3,4,1,0
경남,진주시,부상자수,66,93,80,93,92,117,80,92,88,102,102,68,88,72,94,92,97,115,75,67,89,108,94,91,62,69,80,63,71,81,87,77,77,85,52,55
경남,통영시,사고건수,56,52,50,52,60,49,66,61,56,59,55,68,51,54,60,55,54,58,61,73,54,64,79,53,61,44,52,55,56,56,47,73,55,72,57,57
경남,통영시,사망자수,1,2,3,0,2,1,1,3,0,2,0,1,0,0,0,1,0,0,1,0,0,0,1,0,2,0,1,0,1,1,0,0,0,1,2,2
경남,통영시,부상자수,84,73,73,73,93,74,101,90,78,85,79,120,79,75,108,76,84,94,102,134,79,100,127,77,93,62,80,84,76,89,66,118,77,105,96,74
경남,김해시,사고건수,154,140,168,181,176,171,178,168,168,193,164,191,150,140,199,205,228,191,201,215,195,199,205,190,167,138,163,164,172,206,190,183,163,200,176,183
경남,김해시,사망자수,2,5,2,5,1,2,6,2,2,2,3,3,3,1,4,2,1,2,3,2,2,4,5,3,3,2,2,4,1,4,3,0,3,6,1,4
경남,김해시,부상자수,234,199,265,280,251,240,273,248,243,305,220,282,226,199,314,301,334,285,311,332,288,278,308,274,246,199,241,232,267,297,272,264,234,274,229,244
경남,밀양시,사고건수,26,21,25,31,29,38,36,36,26,42,31,30,31,39,37,39,66,62,45,49,38,46,43,37,43,26,34,30,37,50,33,50,54,57,44,38
경남,밀양시,사망자수,1,0,0,0,2,3,3,3,1,1,0,1,0,1,1,4,4,4,0,4,1,0,1,3,0,0,0,0,0,2,1,1,1,3,0,1
경남,밀양시,부상자수,31,39,36,45,37,67,44,53,35,61,45,48,49,52,55,57,87,82,62,67,44,63,58,52,63,48,54,43,61,73,53,77,78,65,65,54
경남,거제시,사고건수,71,57,83,76,67,77,64,63,70,77,74,77,80,73,75,95,83,74,102,81,83,98,90,77,72,66,51,68,70,80,64,66,75,71,73,64
경남,거제시,사망자수,0,0,2,1,0,0,1,1,1,2,1,2,3,0,1,0,1,1,2,2,1,2,1,3,1,2,0,3,1,0,1,1,1,2,2,0
경남,거제시,부상자수,110,79,106,98,97,115,87,88,90,91,101,109,117,121,107,144,133,107,143,119,124,136,126,123,93,88,72,83,102,104,88,83,101,101,107,86
경남,의령군,사고건수,13,7,7,8,6,14,15,10,12,16,14,8,6,5,8,17,20,12,14,7,14,12,15,13,5,10,7,13,17,12,11,8,7,13,14,9
경남,의령군,사망자수,0,0,1,1,0,1,1,1,0,2,2,1,0,0,1,0,1,0,0,0,1,1,1,0,0,1,1,1,0,0,0,1,0,0,1,0
경남,의령군,부상자수,18,10,11,11,7,13,28,13,19,19,18,9,19,6,13,29,25,18,23,11,20,13,19,18,7,20,9,14,20,19,16,9,11,21,17,12
경남,함안군,사고건수,28,22,15,23,30,24,23,18,16,26,21,27,17,21,21,40,28,27,29,27,29,39,23,26,30,22,21,22,24,27,19,26,26,30,28,19
경남,함안군,사망자수,4,1,0,3,1,1,3,1,6,2,2,1,2,0,1,1,1,2,2,2,0,2,3,1,0,0,0,1,2,3,1,0,1,0,2,0
경남,함안군,부상자수,38,27,22,36,42,32,29,30,20,43,31,33,18,32,28,61,43,44,50,39,46,61,32,40,50,29,28,25,26,40,25,36,30,42,50,29
경남,창녕군,사고건수,22,33,28,20,32,33,37,20,32,34,21,24,18,20,23,30,25,29,30,24,23,41,43,27,21,19,25,23,31,34,23,19,30,45,30,31
경남,창녕군,사망자수,0,1,3,0,1,1,1,1,1,2,1,2,0,0,0,2,1,0,1,1,0,1,1,0,1,1,0,0,3,1,1,0,2,1,1,0
경남,창녕군,부상자수,36,60,41,30,41,51,53,30,49,51,28,32,20,27,40,47,42,49,43,30,40,58,57,47,37,30,33,34,46,52,46,34,33,67,47,54
경남,양산시,사고건수,82,84,103,84,78,93,88,118,91,109,85,91,100,84,120,126,117,103,105,91,139,112,97,92,99,95,77,101,94,106,102,95,107,127,127,110
경남,양산시,사망자수,3,2,0,1,2,7,0,5,1,0,2,4,3,1,2,0,2,0,1,0,5,6,1,4,2,1,3,2,0,1,1,0,1,1,3,4
경남,양산시,부상자수,132,119,138,123,119,131,122,183,129,150,140,126,150,129,164,174,173,150,173,134,183,147,137,137,128,135,102,143,118,146,157,131,150,181,172,136
경남,고성군,사고건수,27,8,26,25,21,16,13,12,19,21,27,28,16,15,17,16,27,17,21,24,29,30,30,24,17,13,11,22,26,30,16,24,26,32,20,20
경남,고성군,사망자수,3,0,3,3,0,0,0,0,6,2,1,3,2,1,0,0,0,1,0,0,1,3,2,0,1,2,0,0,0,1,1,2,1,2,0,0
경남,고성군,부상자수,36,9,34,32,31,23,18,16,39,28,39,47,18,21,25,26,34,21,36,35,43,43,50,31,26,19,15,30,43,49,26,30,37,47,29,29
경남,사천시,사고건수,36,35,37,45,56,51,48,61,69,62,63,44,46,43,56,63,58,55,59,70,60,49,62,47,46,36,51,46,53,65,57,55,57,66,41,51
경남,사천시,사망자수,0,1,1,1,1,1,1,2,0,2,3,0,1,2,0,3,0,1,1,0,0,0,0,3,1,0,2,0,1,0,0,2,0,2,1,2
경남,사천시,부상자수,63,46,59,75,85,83,80,101,105,97,105,74,68,68,80,101,92,82,104,119,90,75,91,71,71,53,80,80,83,90,97,95,89,97,60,74
경남,남해군,사고건수,13,12,19,19,19,11,16,16,12,14,23,13,7,11,16,14,16,16,17,20,16,14,30,15,14,7,15,18,21,16,20,24,21,18,23,10
경남,남해군,사망자수,0,0,0,0,0,0,2,0,1,1,2,0,0,0,3,3,0,0,0,1,0,0,1,0,2,0,0,0,1,0,0,2,0,0,1,0
경남,남해군,부상자수,19,16,24,30,37,12,22,29,19,25,26,17,9,15,36,20,17,28,29,40,23,22,37,21,15,8,20,31,34,19,29,39,24,26,40,22
경남,하동군,사고건수,8,14,10,16,6,22,14,8,15,13,10,13,6,8,20,13,15,12,9,20,10,12,10,8,7,4,14,11,5,19,9,11,6,10,12,8
경남,하동군,사망자수,0,1,3,0,0,1,0,2,1,0,1,1,0,1,2,2,1,0,1,1,2,0,0,1,2,1,1,0,0,1,0,1,1,0,1,2
경남,하동군,부상자수,10,22,11,20,6,25,22,10,19,17,12,17,10,10,31,15,17,19,11,26,17,23,15,11,6,3,18,16,9,25,10,17,7,14,17,6
경남,산청군,사고건수,12,6,15,14,23,12,26,17,14,13,19,12,8,16,6,12,21,10,15,26,16,17,16,10,12,19,12,14,15,25,9,21,14,12,18,12
경남,산청군,사망자수,1,0,2,1,1,2,1,0,0,2,0,1,0,0,0,0,0,0,0,2,0,0,0,0,1,0,0,0,0,0,0,4,1,1,2,0
경남,산청군,부상자수,15,7,20,19,33,17,44,37,27,17,25,19,18,26,6,22,42,19,20,49,31,26,25,13,24,31,18,22,24,43,15,29,20,20,24,24
경남,함양군,사고건수,9,11,12,14,23,17,13,15,15,12,14,10,12,10,14,16,24,13,14,23,25,22,17,11,5,11,15,18,11,18,9,25,8,16,11,5
경남,함양군,사망자수,0,2,0,0,3,5,0,1,1,1,1,1,1,2,0,0,3,0,0,0,1,0,0,0,1,1,2,0,0,0,0,2,0,0,1,0
경남,함양군,부상자수,12,22,21,25,35,29,22,15,28,20,18,16,32,12,20,21,36,17,23,31,41,30,22,15,10,14,17,28,12,26,15,47,12,32,13,5
경남,거창군,사고건수,15,20,22,26,20,16,24,16,27,16,20,20,15,13,19,22,23,19,25,24,28,21,17,24,18,14,15,16,19,30,22,30,21,27,23,18
경남,거창군,사망자수,0,0,0,2,1,0,2,2,0,0,1,0,0,1,1,1,2,0,2,0,0,4,1,3,4,3,1,1,0,1,0,1,2,2,1,2
경남,거창군,부상자수,17,26,31,31,30,24,26,29,38,26,22,24,19,17,25,30,31,30,30,32,37,21,25,23,21,19,15,20,21,38,33,38,26,39,25,22
경남,합천군,사고건수,14,16,15,10,16,11,16,9,20,14,15,12,11,14,14,14,19,21,7,13,9,20,24,18,19,18,11,17,19,23,23,28,14,20,15,9
경남,합천군,사망자수,1,1,2,0,1,0,0,1,3,0,0,0,1,0,2,1,1,1,0,0,0,0,2,2,0,1,3,0,0,3,1,0,2,1,0,1
경남,합천군,부상자수,17,19,14,15,17,18,24,9,26,17,31,14,12,25,20,23,29,33,10,13,9,22,29,17,38,19,16,25,23,27,26,50,17,23,17,14
경남,창원시(통합),사고건수,216,211,265,249,232,224,253,236,237,283,260,250,225,195,296,286,282,255,259,279,287,275,308,298,245,223,256,232,261,289,268,263,242,231,255,213
경남,창원시(통합),사망자수,5,5,4,6,5,4,5,7,3,5,8,7,2,3,2,4,6,7,5,7,7,4,8,7,7,5,6,4,4,3,5,3,5,7,8,2
경남,창원시(통합),부상자수,292,266,363,330,311,337,341,326,344,410,380,353,294,271,419,408,393,346,334,471,392,378,418,400,331,301,362,319,360,387,376,431,347,311,331,293
제주,합계,사고건수,331,269,371,332,351,391,383,377,338,355,402,339,345,308,377,372,395,327,375,405,352,405,381,370,349,282,305,269,325,337,370,386,352,401,363,291
제주,합계,사망자수,11,7,5,6,2,4,9,6,2,10,13,7,7,4,9,9,4,6,2,5,6,5,7,2,8,1,5,6,6,6,4,4,9,5,12,2
제주,합계,부상자수,548,455,560,504,533,615,586,627,546,532,606,499,548,474,549,569,621,484,545,657,583,626,583,579,513,388,432,417,484,502,585,655,506,663,569,417
제주,제주시,사고건수,234,189,262,231,258,292,277,266,235,261,274,224,238,231,288,277,275,221,287,281,239,279,269,254,236,215,226,188,225,246,273,277,249,284,255,205
제주,제주시,사망자수,8,3,2,5,0,3,4,4,1,4,5,3,2,4,6,7,2,5,0,2,4,2,5,1,7,0,3,3,4,4,1,4,5,3,9,1
제주,제주시,부상자수,363,325,375,333,394,446,408,430,365,382,388,322,361,350,418,422,434,321,412,449,387,428,413,371,319,298,321,275,334,360,427,451,358,448,385,287
제주,서귀포시,사고건수,97,80,109,101,93,99,106,111,103,94,128,115,107,77,89,95,120,106,88,124,113,126,112,116,113,67,79,81,100,91,97,109,103,117,108,86
제주,서귀포시,사망자수,3,4,3,1,2,1,5,2,1,6,8,4,5,0,3,2,2,1,2,3,2,3,2,1,1,1,2,3,2,2,3,0,4,2,3,1
제주,서귀포시,부상자수,185,130,185,171,139,169,178,197,181,150,218,177,187,124,131,147,187,163,133,208,196,198,170,208,194,90,111,142,150,142,158,204,148,215,184,130